http://nicosia.is.s.u-tokyo.ac.jp
http://fri.uni-lj.si/sl/mentorji
http://directory.calarts.edu/redcat
http://cs.illinois.edu/people/emeritus-faculty
http://phd.di.uniroma1.it/faculty.php
http://webapps.union.edu/directory
http://www.montefiore.ulg.ac.be/personnel
http://directory.calarts.edu/music
http://directory.calarts.edu/bfa-general-education
http://cs.kaist.ac.kr/people/facultySocialComputing
https://cmnst.desu.edu/about/faculty-profiles
http://en-exact-sciences.tau.ac.il/new_faculty_members
http://en-exact-sciences.tau.ac.il/teaching_excellence
http://cs.illinois.edu/people/staff/advancement-office
http://cs.kaist.ac.kr/people/facultyInformationService
http://www.fci.cu.edu.eg/Staff_Members
http://www.monash.edu/about/indigenous/students/contact
http://cs.illinois.edu/people/faculty/department-faculty
http://www.cics.umass.edu/research/area/machine-learning
http://www.hse.ru/international/summer/
http://en-exact-sciences.tau.ac.il/faculty_administration
http://stem.uafs.edu/engineering/engineering-faculty
http://stem.uafs.edu/biological-sciences/faculty-and-staff-biological-sciences
http://stem.uafs.edu/administration/stem-administration
http://stem.uafs.edu/mathematics/faculty-and-staff-mathematics
http://stem.uafs.edu/physical-sciences/faculty-and-staff-physical-sciences
http://en-exact-sciences.tau.ac.il/earth/faculty_members
http://www.comp.nus.edu.sg/about/mgt
http://www.unisabusinessschool.edu.au/marketing/
http://www.enmu.edu/about/enmu-information-directories/university-directory
http://www.ee.nd.edu/people/directory
http://www.ee.nd.edu/people/directory?b_start:int=10
http://www.ee.nd.edu/people/graduate-student-directory
http://www.ee.nd.edu/people
http://en.sbu.ac.ir/Pages/Professors.aspx?did=14
http://www.monash.edu/industry/contact/staff-profiles#hick
https://www.cs.helsinki.fi/en/people
https://www.ee.nd.edu/people/directory#content
http://www.diku.dk/Ansatte/
http://cave.auburn.edu/faculty.html
http://www.unisabusinessschool.edu.au/management/
https://www.cics.umass.edu/people/all-faculty-staff
http://www.gla.ac.uk/schools/law/staff/
http://www.ee.nd.edu/people/staff
http://en-exact-sciences.tau.ac.il/math/administrative-staff
http://nankai.academia.edu/Departments/Philosophy
http://www.ee.ust.hk/~eekjchen/people.htm
https://en-exact-sciences.tau.ac.il/math/faculty-members
https://en-exact-sciences.tau.ac.il/math/professors-emeriti-and-kamea-members
https://en-exact-sciences.tau.ac.il/math/post-docs-and-visitors
https://en-exact-sciences.tau.ac.il/math/PhD-list
https://en-exact-sciences.tau.ac.il/math/teaching-fellow-and-adjunct
https://en-exact-sciences.tau.ac.il/math/administrative-staff
https://nnov.hse.ru/en/ma/global/faculty-members
https://www.hse.ru/en/org/persons/
https://www.fgb.vu.nl/en/departments/biological-psychology/staff/index.aspx
http://cs.kaist.ac.kr/people/admission
http://cs.kaist.ac.kr/people/administration
https://www.haverford.edu/academics/faculty
http://ee.princeton.edu/people/administrative
https://www.gla.ac.uk/schools/law/staff/
http://ee.princeton.edu/people/faculty
http://www.xjtlu.edu.cn/about/leadership/
http://salisbury.edu/intled/eli/faculty.html
http://www.monash.edu/industry/contact/staff-profiles#lyster
http://www.mn.uio.no/farmasi/personer/
http://cs.illinois.edu/people/staff
http://www.cs.vu.nl/en/about-the-department/People/index.aspx
https://shanghai.nyu.edu/academics/faculty
http://cs.kaist.ac.kr/people/researchers
http://www.enmu.edu/admission/our-admissions-team/admissions-staff
http://ee.princeton.edu/research/faculty-recognition
https://www.hse.ru/en/org/persons/
https://en-exact-sciences.tau.ac.il/physics/faculty_members
http://www.ece.ust.hk/ece.php/profile/listfaculty
https://directory.calarts.edu/redcat
http://directory.calarts.edu/art
http://directory.calarts.edu/dance
https://www.hse.ru/en/org/persons/
https://filmvideo.calarts.edu/faculty-and-staff
http://ee.princeton.edu/people/grad-students
http://www.monash.edu/industry/contact/staff-profiles#harrison
http://www.mn.uio.no/astro/english/people/aca/
http://www.mn.uio.no/fysikk/personer
http://www.npc.edu/employee-directory-A-D
https://en-arts.tau.ac.il/advisers
http://en-exact-sciences.tau.ac.il/computer/administrative_staff
http://stem.uafs.edu/mathematics/faculty-and-staff-mathematics
https://www.maths.cam.ac.uk/cca-alumni
https://www.dpmms.cam.ac.uk/people/nutos.html
https://www.dpmms.cam.ac.uk/people/pavlist.html
http://www.cics.umass.edu/about/deans-office
http://www.cs.vu.nl/en/research/bioinformatics/People/index.aspx
http://en.coe.pku.edu.cn/Faculty-A-Z/index.htm
http://en.coe.pku.edu.cn/Faculty-by-Dept/index.htm
http://en.coe.pku.edu.cn/Outstanding-Talents/index.htm
http://www.ee.nd.edu/people/staff#portlet-navigation-tree
http://ee.princeton.edu/people/grad-students
http://www.ee.nd.edu/people/directory?b_start:int=10#content
https://en-exact-sciences.tau.ac.il/condensed/faculty_members
http://en-exact-sciences.tau.ac.il/chemistry/administrative_staff
http://en-exact-sciences.tau.ac.il/math/faculty-members
http://en-exact-sciences.tau.ac.il/physics/faculty_members
http://en-exact-sciences.tau.ac.il/computer/faculty_members
http://en-exact-sciences.tau.ac.il/chemistry/faculty_members_all
https://ece.illinois.edu/directory/faculty.asp#emeriti
https://www.cics.umass.edu/content/phd-students
https://www.ece.illinois.edu/research/power.asp
https://www.hse.ru/en/org/persons/
https://www.dpmms.cam.ac.uk/people/utos.html
https://dance.calarts.edu/faculty-and-staff
https://dance.calarts.edu/faculty-and-staff/pager/14010/page/4
https://www.haverford.edu/president/governance/senior-staff
http://www.cse.unibo.it/en/department/professors
