all 1 0 people 0 0 school 0 0 of 0 0 informatics 0 0 and 0 0 computing 0 0 indiana 0 0 university 0 0 skip 1 0 to 0 0 content 0 0 skip 1 0 to 0 0 search 0 0 indiana 1 0 university 0 0 bloomington 0 0 indiana 1 0 university 0 0 bloomington 0 0 iu 1 0 bloomington 0 0 search 1 0 school 1 0 of 0 0 informatics 1 0 computing 0 0 and 0 0 engineering 0 0 menu 1 0 connect 1 0 all 1 0 people 0 0 alumni 1 0 giving 0 0 news 1 0 calendar 1 0 of 0 0 events 0 0 facebook 1 0 twitter 1 0 youtube 1 0 linkedin 1 0 pinterest 1 0 instagram 1 0 about 1 0 us 0 0 mission 1 0 message 1 0 from 0 0 the 0 0 dean 0 0 dean 1 0 advisory 0 0 council 0 0 dac 0 0 members 0 0 administration 1 0 staff 0 0 directory 0 0 in 1 0 memoriam 0 0 luddy 1 0 hall 0 0 departments 1 0 facilities 1 0 technology 0 0 spotlights 1 0 visit 1 0 us 0 0 contact 1 0 us 0 0 social 1 0 media 0 0 undergraduate 1 0 future 1 0 freshmen 0 0 degrees 1 0 certificates 0 0 courses 1 0 admissions 1 0 financial 1 0 aid 0 0 scholarships 0 0 for 0 0 continuing 0 0 and 0 0 certified 0 0 students 0 0 academic 1 0 and 0 0 career 0 0 planning 0 0 academic 0 0 advising 0 0 innovation 1 0 entrepreneurship 0 0 overseas 1 0 education 0 0 help 1 0 center 0 0 contact 1 0 us 0 0 graduate 1 0 degrees 1 0 certificates 0 0 courses 1 0 admissions 1 0 financial 1 0 support 0 0 advising 1 0 innovation 1 0 entrepreneurship 0 0 forms 1 0 graduate 1 0 student 0 0 directory 0 0 contact 1 0 us 0 0 career 1 0 services 0 0 employers 1 0 students 1 0 alumni 1 0 spotlights 1 0 about 1 0 us 0 0 faculty 1 0 research 0 0 faculty 1 0 directory 0 0 research 1 0 events 1 0 student 1 0 research 0 0 faculty 1 0 affairs 0 0 academic 1 0 positions 0 0 about 1 0 us 0 0 student 1 0 life 0 0 student 1 0 organizations 0 0 student 1 0 ambassadors 0 0 inclusion 1 0 summer 1 0 camps 0 0 community 1 0 outreach 0 0 serve 1 0 it 0 0 student 1 0 recognition 0 0 celebration 0 0 all 1 0 people 0 0 alumni 1 0 giving 0 0 news 1 0 calendar 1 0 of 0 0 events 0 0 home 1 0 all 1 0 people 0 0 all 1 0 people 0 0 staff 1 0 faculty 0 0 filter 1 0 people 0 0 by 0 0 name 0 0 name 1 0 contact 1 0 josefa 1 1 abrera 0 1 associate 1 0 professor 0 0 emerita 0 0 school 0 0 of 0 0 library 0 0 and 0 0 information 0 0 science 0 0 raj 1 1 acharya 0 1 dean 1 0 rudy 0 0 professor 0 0 of 0 0 engineering 0 0 computer 0 0 science 0 0 and 0 0 informatics 0 0 812 1 0 856 0 0 1079 0 0 informatics 1 0 east 0 0 210 0 0 erick 1 1 adienge 0 1 manager 1 0 senior 0 0 software 0 0 engineer 0 0 812 1 0 856 0 0 8014 0 0 it 1 0 house 0 0 105 0 0 yong 1 1 yeol 0 1 ahn 0 1 assistant 1 0 professor 0 0 of 0 0 informatics 0 0 and 0 0 computing 0 0 812 1 0 856 0 0 2920 0 0 informatics 1 0 east 0 0 316 0 0 larry 1 1 ailes 0 1 associate 1 0 director 0 0 of 0 0 career 0 0 services 0 0 812 1 0 856 0 0 7127 0 0 informatics 1 0 east 0 0 110a 0 0 shamim 1 1 ali 0 1 associate 1 0 director 0 0 of 0 0 undergraduate 0 0 advising 0 0 matthew 1 1 anderson 0 1 principal 1 0 software 0 0 research 0 0 engineer 0 0 crest 0 0 barbara 1 1 andrews 0 1 adjunct 1 0 associate 0 0 professor 0 0 donna 1 1 arkins 0 1 director 1 0 of 0 0 information 0 0 technology 0 0 812 1 0 856 0 0 0130 0 0 informatics 1 0 west 0 0 213 0 0 andrew 1 1 asher 0 1 adjunct 1 0 instructor 0 0 812 1 0 855 0 0 1609 0 0 wells 1 0 library 0 0 w199c 0 0 steven 1 1 backs 0 1 adjunct 1 0 lecturer 0 0 philip 1 1 bantin 0 1 adjunct 1 0 professor 0 0 812 1 0 855 0 0 1127 0 0 wells 1 0 library 0 0 e460 0 0 jeffrey 1 1 bardzell 0 1 professor 1 0 of 0 0 informatics 0 0 812 1 0 856 0 0 1850 0 0 informatics 1 0 west 0 0 303 0 0 shaowen 1 1 bardzell 0 1 associate 1 0 professor 0 0 of 0 0 informatics 0 0 812 1 0 855 0 0 1341 0 0 informatics 1 0 west 0 0 305 0 0 martina 1 1 barnas 0 1 assistant 1 0 dean 0 0 for 0 0 research 0 0 812 1 0 856 0 0 9664 0 0 321 1 0 woodlawn 0 0 ave 0 0 201 0 0 nathan 1 1 bauters 0 1 assistant 1 0 director 0 0 of 0 0 facilities 0 0 812 1 0 855 0 0 2660 0 0 815 1 0 east 0 0 10th 0 0 street 0 0 105 0 0 anna 1 1 bednarski 0 1 associate 1 0 director 0 0 of 0 0 academic 0 0 and 0 0 career 0 0 planning 0 0 812 1 0 855 0 0 5614 0 0 informatics 1 0 east 0 0 146 0 0 randall 1 1 beer 0 1 professor 1 0 of 0 0 computer 0 0 science 0 0 and 0 0 informatics 0 0 812 1 0 856 0 0 0873 0 0 john 1 1 beggs 0 1 associate 1 0 professor 0 0 physics 0 0 812 1 0 855 0 0 7359 0 0 swain 1 0 west 0 0 169 0 0 hannah 1 1 benjamin 0 1 administrative 1 0 assistant 0 0 to 0 0 the 0 0 precision 0 0 health 0 0 initiative 0 0 and 0 0 center 0 0 for 0 0 bioinformatics 0 0 research 0 0 lindley 1 0 hall 0 0 301i 0 0 tom 1 1 bewley 0 1 assistant 1 0 dean 0 0 for 0 0 development 0 0 812 1 0 856 0 0 0743 0 0 crest 1 0 420 0 0 walnut 0 0 118 0 0 adeel 1 1 bhutta 0 1 lecturer 1 0 812 1 0 855 0 0 3147 0 0 lindley 1 0 hall 0 0 201d 0 0 ken 1 1 bikoff 0 1 communications 1 0 specialist 0 0 812 1 0 856 0 0 6908 0 0 823 1 0 11th 0 0 street 0 0 saul 1 1 blanco 0 1 visiting 1 0 assistant 0 0 professor 0 0 informatics 1 0 west 0 0 307a 0 0 eli 1 1 blevis 0 1 professor 1 0 of 0 0 informatics 0 0 812 1 0 360 0 0 3553 0 0 informatics 1 0 west 0 0 200 0 0 kristen 1 1 bohnert 0 1 admissions 1 0 coordinator 0 0 recorder 0 0 812 1 0 856 0 0 5953 0 0 711 1 0 park 0 0 ave 0 0 axel 1 1 daniel 0 1 bolin 0 1 software 1 0 developer 0 0 cyberinfrastructure 0 0 for 0 0 network 0 0 science 0 0 center 0 0 wells 1 0 library 0 0 024 0 0 johan 1 1 bollen 0 1 associate 1 0 professor 0 0 of 0 0 informatics 0 0 and 0 0 computing 0 0 812 1 0 856 0 0 1833 0 0 informatics 1 0 east 0 0 305 0 0 maria 1 1 bondesson 0 1 associate 1 0 professor 0 0 intelligent 0 0 systems 0 0 engineering 0 0 812 1 0 856 0 0 2954 0 0 smith 1 0 research 0 0 center 0 0 office 0 0 152c 0 0 and 0 0 simon 0 0 hall 0 0 office 0 0 043f 0 0 katy 1 1 borner 0 1 distinguished 1 0 professor 0 0 of 0 0 information 0 0 science 0 0 812 1 0 855 0 0 3256 0 0 wells 1 0 library 0 0 021 0 0 sara 1 1 bouchard 0 1 senior 1 0 graphic 0 0 designer 0 0 cyberinfrastructure 0 0 for 0 0 network 0 0 science 0 0 center 0 0 elli 1 1 bourlai 0 1 adjunct 1 0 instructor 0 0 wells 1 0 library 0 0 randall 1 1 bramley 0 1 professor 1 0 of 0 0 computer 0 0 science 0 0 812 1 0 855 0 0 7790 0 0 lindley 1 0 hall 0 0 301a 0 0 volker 1 1 brendel 0 1 professor 1 0 of 0 0 biology 0 0 and 0 0 computer 0 0 science 0 0 812 1 0 855 0 0 7074 0 0 simon 1 0 hall 0 0 205c 0 0 matthew 1 1 brennan 0 1 research 1 0 faculty 0 0 321 1 0 woodlawn 0 0 ave 0 0 203 0 0 maciej 1 1 brodowicz 0 1 advanced 1 0 parallel 0 0 computing 0 0 engineer 0 0 crest 0 0 812 1 0 856 0 0 1547 0 0 benita 1 1 brown 0 1 director 1 0 of 0 0 faculty 0 0 administration 0 0 812 1 0 856 0 0 9751 0 0 lindley 1 0 hall 0 0 215b 0 0 geoffrey 1 1 brown 0 1 professor 1 0 of 0 0 computer 0 0 science 0 0 812 1 0 855 0 0 4207 0 0 lindley 1 0 hall 0 0 330h 0 0 travis 1 1 brown 0 1 assistant 1 0 dean 0 0 for 0 0 innovation 0 0 entrepreneurship 0 0 commercialization 0 0 812 1 0 856 0 0 4500 0 0 informatics 1 0 west 0 0 209 0 0 heather 1 1 brummett 0 1 web 1 0 specialist 0 0 823 1 0 11th 0 0 street 0 0 room 0 0 103 0 0 andreas 1 1 bueckle 0 1 adjunct 1 0 instructor 0 0 wells 1 0 library 0 0 012 0 0 kate 1 1 caldwell 0 1 director 1 0 of 0 0 career 0 0 services 0 0 812 1 0 856 0 0 1094 0 0 informatics 1 0 east 0 0 110c 0 0 daniel 1 1 callison 0 1 professor 1 0 emeritus 0 0 library 0 0 and 0 0 information 0 0 science 0 0 and 0 0 continuing 0 0 studies 0 0 school 0 0 of 0 0 education 0 0 informatics 1 0 east 0 0 jean 1 1 camp 0 1 professor 1 0 of 0 0 informatics 0 0 812 1 0 856 0 0 1865 0 0 informatics 1 0 west 0 0 300 0 0 kerri 1 1 campbell 0 1 senior 1 0 associate 0 0 director 0 0 of 0 0 career 0 0 services 0 0 812 1 0 855 0 0 7721 0 0 informatics 1 0 east 0 0 110e 0 0 sarah 1 1 carroll 0 1 assistant 1 0 director 0 0 crest 0 0 mike 1 1 casey 0 1 adjunct 1 0 lecturer 0 0 fred 1 1 cate 0 1 adjunct 1 0 professor 0 0 michael 1 1 chabin 0 1 visting 1 0 lecturer 0 0 informatics 1 0 west 0 0 202 0 0 tamy 1 1 chambers 0 1 adjunct 1 0 instructor 0 0 wells 1 0 library 0 0 arun 1 1 chauhan 0 1 adjunct 1 0 assistant 0 0 professor 0 0 langshi 1 1 chen 0 1 postdoctoral 1 0 scholar 0 0 digital 0 0 science 0 0 center 0 0 peter 1 1 cherbas 0 1 adjunct 1 0 professor 0 0 wookjin 1 1 cheun 0 1 adjunct 1 0 associate 0 0 professor 0 0 carol 1 1 choksy 0 1 lecturer 1 0 812 1 0 855 0 0 9719 0 0 wells 1 0 library 0 0 011d 0 0 giovanni 1 1 luca 0 1 ciampaglia 0 1 postdoctoral 1 0 fellow 0 0 812 1 0 855 0 0 7261 0 0 informatics 1 0 east 0 0 322d 0 0 jill 1 1 clancy 0 1 event 1 0 planner 0 0 812 1 0 855 0 0 2236 0 0 informatics 1 0 east 0 0 237 0 0 robert 1 1 clark 0 1 adjunct 1 0 professor 0 0 of 0 0 informatics 0 0 james 1 1 clawson 0 1 assistant 1 0 professor 0 0 812 1 0 855 0 0 6695 0 0 informatics 1 0 east 0 0 261 0 0 keith 1 1 cochran 0 1 adjunct 1 0 instructor 0 0 812 1 0 855 0 0 2974 0 0 cook 1 0 music 0 0 library 0 0 m160 0 0 ellen 1 1 coe 0 1 rodkey 0 1 senior 1 0 associate 0 0 director 0 0 career 0 0 services 0 0 812 1 0 856 0 0 4322 0 0 informatics 1 0 east 0 0 201 0 0 david 1 1 cole 0 1 manager 1 0 of 0 0 it 0 0 hardware 0 0 informatics 1 0 east 0 0 344 0 0 kay 1 1 connelly 0 1 professor 1 0 of 0 0 informatics 0 0 812 1 0 855 0 0 0739 0 0 informatics 1 0 east 0 0 260 0 0 dave 1 1 cooley 0 1 manager 1 0 of 0 0 collaborative 0 0 technology 0 0 812 1 0 856 0 0 1076 0 0 informatics 1 0 west 0 0 112 0 0 steve 1 1 cox 0 1 systems 1 0 analyst 0 0 812 1 0 855 0 0 9780 0 0 wells 1 0 library 0 0 002d 0 0 david 1 1 crandall 0 1 associate 1 0 professor 0 0 of 0 0 informatics 0 0 and 0 0 computing 0 0 812 1 0 856 0 0 1115 0 0 611 1 0 park 0 0 ave 0 0 lynne 1 1 crohn 0 1 senior 1 0 large 0 0 systems 0 0 specialist 0 0 812 1 0 855 0 0 6223 0 0 informatics 1 0 east 0 0 blaise 1 1 cronin 0 1 rudy 1 0 professor 0 0 emeritus 0 0 of 0 0 information 0 0 science 0 0 becky 1 1 curtis 0 1 administrative 1 0 assistant 0 0 812 1 0 855 0 0 6488 0 0 lindley 1 0 hall 0 0 205b 0 0 cindy 1 1 curvin 0 1 director 1 0 of 0 0 contract 0 0 and 0 0 grant 0 0 administration 0 0 812 1 0 856 0 0 3106 0 0 informatics 1 0 east 0 0 236 0 0 luke 1 1 dalessandro 0 1 research 1 0 scientist 0 0 mehmet 1 1 dalkilic 0 1 associate 1 0 professor 0 0 of 0 0 informatics 0 0 and 0 0 computing 0 0 812 1 0 856 0 0 3010 0 0 lindley 1 0 hall 0 0 301c 0 0 michael 1 1 daniels 0 1 manager 1 0 of 0 0 web 0 0 development 0 0 812 1 0 855 0 0 4606 0 0 web 1 0 and 0 0 communications 0 0 building 0 0 shawn 1 1 linn 0 1 davenport 0 1 graduate 1 0 admissions 0 0 services 0 0 coordinator 0 0 computer 0 0 science 0 0 812 1 0 855 0 0 1135 0 0 lindley 1 0 hall 0 0 120 0 0 charles 1 1 davis 0 1 senior 1 0 fellow 0 0 adjunct 0 0 professor 0 0 812 1 0 331 0 0 1322 0 0 informatics 1 0 east 0 0 ronald 1 1 day 0 1 professor 1 0 of 0 0 information 0 0 and 0 0 library 0 0 science 0 0 812 1 0 855 0 0 3205 0 0 wells 1 0 library 0 0 007 0 0 sally 1 1 deckard 0 1 director 1 0 of 0 0 academic 0 0 operations 0 0 812 1 0 856 0 0 5372 0 0 informatics 1 0 west 0 0 304 0 0 lori 1 1 dekydtspotter 0 1 adjunct 1 0 assistant 0 0 professor 0 0 informatics 1 0 east 0 0 bradford 1 1 demarest 0 1 lecturer 1 0 611 1 0 woodlawn 0 0 ave 0 0 101b 0 0 sherrie 1 1 lynn 0 1 denney 0 1 graduate 1 0 records 0 0 admissions 0 0 assistant 0 0 812 1 0 856 0 0 7746 0 0 lindley 1 0 hall 0 0 120 0 0 markus 1 1 dickinson 0 1 adjunct 1 0 associate 0 0 professor 0 0 beverly 1 1 diekhoff 0 1 graduate 1 0 records 0 0 coordinator 0 0 812 1 0 856 0 0 1802 0 0 informatics 1 0 west 0 0 233 0 0 ying 1 1 ding 0 1 professor 1 0 of 0 0 informatics 0 0 812 1 0 855 0 0 5388 0 0 informatics 1 0 west 0 0 227 0 0 michele 1 1 dompke 0 1 administrative 1 0 assistant 0 0 to 0 0 informatics 0 0 department 0 0 chair 0 0 and 0 0 executive 0 0 associate 0 0 deans 0 0 812 1 0 856 0 0 1114 0 0 informatics 1 0 east 0 0 226 0 0 devan 1 1 ray 0 1 donaldson 0 1 assistant 1 0 professor 0 0 of 0 0 information 0 0 science 0 0 812 1 0 855 0 0 9723 0 0 wells 1 0 library 0 0 019 0 0 erika 1 1 dowell 0 1 adjunct 1 0 associate 0 0 professor 0 0 812 1 0 855 0 0 2994 0 0 lilly 1 0 library 0 0 dana 1 1 duffy 0 1 backs 0 1 adjunct 1 0 lecturer 0 0 duncan 1 1 senior 1 0 lecturer 0 0 812 1 0 855 0 0 2656 0 0 undergraduate 1 0 annex 0 0 corner 0 0 of 0 0 10th 0 0 and 0 0 woodlawn 0 0 201 0 0 michael 1 1 dunn 0 1 founding 1 0 dean 0 0 emeritus 0 0 professor 0 0 emeritus 0 0 of 0 0 informatics 0 0 and 0 0 computer 0 0 science 0 0 812 1 0 856 0 0 5418 0 0 informatics 1 0 west 0 0 316 0 0 kent 1 1 dybvig 0 1 professor 1 0 emeritus 0 0 of 0 0 computer 0 0 science 0 0 812 1 0 855 0 0 8653 0 0 natalie 1 1 edwards 0 1 associate 1 0 director 0 0 of 0 0 undergraduate 0 0 recruiting 0 0 812 1 0 856 0 0 1867 0 0 informatics 1 0 east 0 0 123 0 0 hamid 1 1 ekbia 0 1 professor 1 0 of 0 0 informatics 0 0 cognitive 0 0 science 0 0 and 0 0 international 0 0 studies 0 0 812 1 0 855 0 0 3251 0 0 informatics 1 0 west 0 0 229 0 0 jesse 1 1 elkins 0 1 internship 1 0 coordinator 0 0 administrative 0 0 assistant 0 0 812 1 0 855 0 0 2249 0 0 wells 1 0 library 0 0 011f 0 0 cheryl 1 1 engel 0 1 graduate 1 0 recruitment 0 0 admissions 0 0 manager 0 0 informatics 0 0 812 1 0 856 0 0 3960 0 0 informatics 1 0 west 0 0 231 0 0 nathan 1 1 ensmenger 0 1 associate 1 0 professor 0 0 informatics 1 0 west 0 0 223 0 0 richard 1 1 eppert 0 1 funda 1 1 ergun 0 1 professor 1 0 of 0 0 computer 0 0 science 0 0 lindley 1 0 hall 0 0 430c 0 0 ali 1 1 faqeeh 0 1 postdoctoral 1 0 fellow 0 0 812 1 0 855 0 0 7436 0 0 informatics 1 0 east 0 0 322b 0 0 pnina 1 1 fichman 0 1 professor 1 0 of 0 0 information 0 0 science 0 0 812 1 0 856 0 0 1587 0 0 wells 1 0 library 0 0 015 0 0 allison 1 1 fish 0 1 assistant 1 0 professor 0 0 informatics 1 0 west 0 0 301 0 0 shirley 1 1 fitzgibbons 0 1 associate 1 0 professor 0 0 emerita 0 0 school 0 0 of 0 0 library 0 0 and 0 0 information 0 0 science 0 0 alessandro 1 1 flammini 0 1 professor 1 0 of 0 0 informatics 0 0 812 1 0 856 0 0 1830 0 0 informatics 1 0 east 0 0 320 0 0 santo 1 1 fortunato 0 1 professor 1 0 informatics 1 0 east 0 0 geoffrey 1 1 charles 0 1 fox 0 1 interim 1 0 associate 0 0 dean 0 0 for 0 0 intelligent 0 0 systems 0 0 engineering 0 0 812 1 0 856 0 0 7977 0 0 matthew 1 1 francisco 0 1 visiting 1 0 lecturer 0 0 house 1 0 human 0 0 robot 0 0 interaction 0 0 lab 0 0 daniel 1 1 friedman 0 1 professor 1 0 of 0 0 computer 0 0 science 0 0 812 1 0 855 0 0 4885 0 0 lindley 1 0 hall 0 0 230a 0 0 bernie 1 1 frischer 0 1 professor 1 0 of 0 0 informatics 0 0 321 1 0 woodlawn 0 0 ave 0 0 kate 1 1 gagnon 0 1 director 1 0 of 0 0 development 0 0 major 0 0 gifts 0 0 812 1 0 856 0 0 0339 0 0 gina 1 1 gallagher 0 1 senior 1 0 director 0 0 of 0 0 corporate 0 0 and 0 0 foundation 0 0 relations 0 0 crest 1 0 420 0 0 walnut 0 0 112 0 0 mike 1 1 gallant 0 1 assistant 1 0 director 0 0 of 0 0 information 0 0 technology 0 0 wells 1 0 library 0 0 002g 0 0 dennis 1 1 gannon 0 1 professor 1 0 emeritus 0 0 of 0 0 computer 0 0 science 0 0 eleftherios 1 1 garyfallidis 0 1 assistant 1 0 professor 0 0 of 0 0 intelligent 0 0 systems 0 0 engineering 0 0 812 1 0 856 0 0 5240 0 0 smith 1 0 research 0 0 center 0 0 151k 0 0 michael 1 1 gasser 0 1 associate 1 0 professor 0 0 emeritus 0 0 of 0 0 informatics 0 0 and 0 0 computing 0 0 dan 1 1 adrian 0 1 german 0 1 senior 1 0 lecturer 0 0 812 1 0 855 0 0 7860 0 0 lindley 1 0 hall 0 0 204 0 0 ali 1 1 ghazinejad 0 1 adjunct 1 0 lecturer 0 0 todd 1 1 gillman 0 1 michael 1 1 ginda 0 1 senior 1 0 research 0 0 analyst 0 0 cyberinfrastructure 0 0 for 0 0 network 0 0 science 0 0 center 0 0 james 1 1 glazier 0 1 professor 1 0 of 0 0 intelligent 0 0 systems 0 0 engineering 0 0 professor 0 0 director 0 0 of 0 0 biocomplexity 0 0 institute 0 0 biophysics 0 0 812 1 0 855 0 0 3735 0 0 swain 1 0 west 0 0 159 0 0 tassie 1 1 gniady 0 1 adjunct 1 0 instructor 0 0 dennis 1 1 groth 0 1 vice 1 0 provost 0 0 for 0 0 undergraduate 0 0 education 0 0 812 1 0 855 0 0 8783 0 0 alexander 1 1 gumennik 0 1 assistant 1 0 professor 0 0 of 0 0 intelligent 0 0 systems 0 0 engineering 0 0 812 1 0 856 0 0 7277 0 0 smith 1 0 research 0 0 center 0 0 2805 1 0 10th 0 0 st 0 0 152g 0 0 feng 1 1 guo 0 1 assistant 1 0 professor 0 0 of 0 0 intelligent 0 0 systems 0 0 engineering 0 0 814 1 0 880 0 0 1884 0 0 2805 1 0 10th 0 0 street 0 0 121g 0 0 minaxi 1 1 gupta 0 1 adjunct 1 0 associate 0 0 professor 0 0 of 0 0 computer 0 0 science 0 0 812 1 0 855 0 0 0918 0 0 lindley 1 0 hall 0 0 230f 0 0 marc 1 1 gyssens 0 1 adjunct 1 0 professor 0 0 amit 1 1 hagar 0 1 adjunct 1 0 professor 0 0 for 0 0 intelligent 0 0 systems 0 0 engineering 0 0 812 1 0 855 0 0 2541 0 0 ballentine 1 0 hall 0 0 644a 0 0 esfandiar 1 1 haghverdi 0 1 executive 1 0 associate 0 0 dean 0 0 for 0 0 academic 0 0 affairs 0 0 812 1 0 856 0 0 1089 0 0 informatics 1 0 east 0 0 216 0 0 stanley 1 1 hagstrom 0 1 professor 1 0 emeritus 0 0 of 0 0 computer 0 0 science 0 0 matthew 1 1 hahn 0 1 professor 1 0 of 0 0 informatics 0 0 812 1 0 856 0 0 7001 0 0 andrew 1 1 hanson 0 1 professor 1 0 emeritus 0 0 of 0 0 computer 0 0 science 0 0 812 1 0 855 0 0 5855 0 0 lindley 1 0 hall 0 0 430e 0 0 noriko 1 1 hara 0 1 associate 1 0 professor 0 0 of 0 0 information 0 0 science 0 0 812 1 0 855 0 0 1490 0 0 wells 1 0 library 0 0 005a 0 0 stephen 1 1 harter 0 1 professor 1 0 emeritus 0 0 school 0 0 of 0 0 library 0 0 and 0 0 information 0 0 science 0 0 christopher 1 1 haynes 0 1 associate 1 0 professor 0 0 emeritus 0 0 computer 0 0 science 0 0 lynda 1 1 haywood 0 1 smith 0 1 associate 1 0 director 0 0 of 0 0 undergraduate 0 0 advising 0 0 812 1 0 856 0 0 5293 0 0 informatics 1 0 east 0 0 101 0 0 lauren 1 1 headley 0 1 event 1 0 planner 0 0 program 0 0 services 0 0 coordinator 0 0 812 1 0 855 0 0 6159 0 0 informatics 1 0 east 0 0 218 0 0 john 1 1 helling 0 1 regina 1 1 helton 0 1 associate 1 0 director 0 0 of 0 0 graduate 0 0 student 0 0 services 0 0 812 1 0 856 0 0 2862 0 0 lindley 1 0 hall 0 0 225c 0 0 rob 1 1 henderson 0 1 senior 1 0 systems 0 0 specialist 0 0 812 1 0 855 0 0 6385 0 0 lindley 1 0 hall 0 0 428c 0 0 ryan 1 1 henry 0 1 assistant 1 0 professor 0 0 812 1 0 856 0 0 9972 0 0 lindley 1 0 hall 0 0 330e 0 0 shelli 1 1 herndon 0 1 payroll 1 0 specialist 0 0 administrative 0 0 assistant 0 0 for 0 0 faculty 0 0 administration 0 0 812 1 0 855 0 0 4576 0 0 lindley 1 0 hall 0 0 215 0 0 susan 1 1 herring 0 1 professor 1 0 of 0 0 information 0 0 science 0 0 812 1 0 856 0 0 4919 0 0 wells 1 0 library 0 0 037 0 0 caleb 1 1 hess 0 1 senior 1 0 hardware 0 0 specialist 0 0 lab 0 0 safety 0 0 officer 0 0 812 1 0 855 0 0 6995 0 0 it 1 0 house 0 0 110 0 0 raquel 1 1 hill 0 1 associate 1 0 professor 0 0 of 0 0 computer 0 0 science 0 0 and 0 0 informatics 0 0 812 1 0 856 0 0 5807 0 0 lindley 1 0 hall 0 0 230e 0 0 lara 1 1 hillenberg 0 1 assistant 1 0 director 0 0 of 0 0 advising 0 0 lindley 1 0 hall 0 0 215e 0 0 bryce 1 1 himebaugh 0 1 clinical 1 0 assistant 0 0 professor 0 0 of 0 0 computer 0 0 science 0 0 812 1 0 855 0 0 6984 0 0 lindley 1 0 hall 0 0 430b 0 0 mitja 1 1 hmeljak 0 1 lecturer 1 0 812 1 0 855 0 0 7198 0 0 lindley 1 0 hall 0 0 425 0 0 douglas 1 1 hofstadter 0 1 college 1 0 of 0 0 arts 0 0 and 0 0 sciences 0 0 distinguished 0 0 professor 0 0 of 0 0 cognitive 0 0 science 0 0 and 0 0 computer 0 0 science 0 0 812 1 0 855 0 0 6964 0 0 tara 1 1 holbrook 0 1 administrative 1 0 assistant 0 0 812 1 0 856 0 0 5056 0 0 informatics 1 0 east 0 0 302 0 0 deloice 1 1 holliday 0 1 diversity 1 0 liaison 0 0 for 0 0 ils 0 0 admissions 0 0 and 0 0 alumni 0 0 relations 0 0 812 1 0 855 0 0 4369 0 0 informatics 1 0 east 0 0 hilary 1 1 horrey 0 1 assistant 1 0 director 0 0 of 0 0 undergraduate 0 0 recruiting 0 0 intelligent 0 0 systems 0 0 engineering 0 0 812 1 0 855 0 0 6605 0 0 informatics 1 0 east 0 0 121 0 0 matt 1 1 hottell 0 1 senior 1 0 lecturer 0 0 812 1 0 856 0 0 1096 0 0 informatics 1 0 west 0 0 118 0 0 chunfeng 1 1 huang 0 1 adjunct 1 0 associate 0 0 professor 0 0 yan 1 1 huang 0 1 assistant 1 0 professor 0 0 812 1 0 856 0 0 3241 0 0 lindley 1 0 hall 0 0 330c 0 0 kun 1 1 huang 0 1 adjunct 1 0 associate 0 0 professor 0 0 karen 1 1 hunsberger 0 1 payroll 1 0 assistant 0 0 sice 0 0 payroll 0 0 team 0 0 812 1 0 855 0 0 6599 0 0 informatics 1 0 east 0 0 230 0 0 scott 1 1 hutcheson 0 1 project 1 0 manager 0 0 cyberinfrastructure 0 0 for 0 0 network 0 0 science 0 0 center 0 0 812 1 0 856 0 0 6607 0 0 wells 1 0 library 0 0 020 0 0 tiana 1 1 iruoje 0 1 director 1 0 of 0 0 student 0 0 engagement 0 0 and 0 0 success 0 0 informatics 1 0 east 0 0 238 0 0 eduardo 1 1 izquierdo 0 1 assistant 1 0 professor 0 0 eigenmann 1 0 838 0 0 elin 1 1 jacob 0 1 emeritus 1 0 associate 0 0 professor 0 0 of 0 0 library 0 0 and 0 0 information 0 0 science 0 0 812 1 0 855 0 0 4671 0 0 wells 1 0 library 0 0 002b 0 0 vikram 1 1 jadhao 0 1 assistant 1 0 professor 0 0 of 0 0 intelligent 0 0 systems 0 0 engineering 0 0 812 1 0 856 0 0 4018 0 0 smith 1 0 research 0 0 center 0 0 152h 0 0 eric 1 1 james 0 1 systems 1 0 analyst 0 0 programmer 0 0 it 1 0 house 0 0 114 0 0 mark 1 1 janis 0 1 robert 1 0 lucas 0 0 chair 0 0 of 0 0 law 0 0 maurer 0 0 law 0 0 school 0 0 812 1 0 855 0 0 1205 0 0 baier 1 0 hall 0 0 311b 0 0 lei 1 1 jiang 0 1 assistant 1 0 professor 0 0 of 0 0 intelligent 0 0 systems 0 0 engineering 0 0 2805 1 0 10th 0 0 st 0 0 152f 0 0 jennifer 1 1 johnson 0 1 steven 1 1 johnson 0 1 professor 1 0 emeritus 0 0 of 0 0 computer 0 0 science 0 0 812 1 0 855 0 0 2567 0 0 lindley 1 0 hall 0 0 330f 0 0 christina 1 1 jones 0 1 adjunct 1 0 professor 0 0 tj 1 1 jones 0 1 hardware 1 0 support 0 0 specialist 0 0 812 1 0 855 0 0 6991 0 0 lindley 1 0 hall 0 0 428b 0 0 sandra 1 1 kubler 0 1 adjunct 1 0 associate 0 0 professor 0 0 gopinaath 1 1 kannabiran 0 1 visiting 1 0 lecturer 0 0 sice 1 0 undergraduate 0 0 annex 0 0 821 0 0 east 0 0 10 0 0 street 0 0 apu 1 1 kapadia 0 1 associate 1 0 professor 0 0 of 0 0 computer 0 0 science 0 0 and 0 0 informatics 0 0 812 1 0 856 0 0 1465 0 0 lindley 1 0 hall 0 0 330b 0 0 kelsey 1 1 karum 0 1 assistant 1 0 director 0 0 of 0 0 career 0 0 services 0 0 812 1 0 855 0 0 5946 0 0 informatics 1 0 east 0 0 205 0 0 kelsey 1 1 keag 0 1 director 1 0 of 0 0 marketing 0 0 812 1 0 855 0 0 4125 0 0 823 1 0 11th 0 0 street 0 0 room 0 0 106 0 0 rachael 1 1 keith 0 1 graduate 1 0 records 0 0 and 0 0 admission 0 0 coordinator 0 0 computer 0 0 science 0 0 812 1 0 855 0 0 6487 0 0 lindley 1 0 hall 0 0 120 0 0 karen 1 1 kenny 0 1 administrative 1 0 assistant 0 0 812 1 0 856 0 0 3696 0 0 informatics 1 0 east 0 0 222 0 0 minje 1 1 kim 0 1 assistant 1 0 professor 0 0 of 0 0 intelligent 0 0 systems 0 0 engineering 0 0 812 1 0 856 0 0 3675 0 0 smith 1 0 research 0 0 center 0 0 152e 0 0 sonny 1 1 kirkley 0 1 adjunct 1 0 assistant 0 0 professor 0 0 informatics 1 0 west 0 0 ezra 1 1 kissel 0 1 research 1 0 scientist 0 0 michelle 1 1 knight 0 1 assistant 1 0 director 0 0 of 0 0 academic 0 0 operations 0 0 812 1 0 856 0 0 1321 0 0 informatics 1 0 west 0 0 302 0 0 serge 1 1 koudoro 0 1 software 1 0 developer 0 0 src 1 0 151 0 0 inna 1 1 kouper 0 1 assistant 1 0 scientist 0 0 2715 1 0 10th 0 0 street 0 0 100 0 0 chris 1 1 kowalczyk 0 1 production 1 0 specialist 0 0 videographer 0 0 917 1 0 520 0 0 2068 0 0 420 1 0 walnut 0 0 st 0 0 112a 0 0 elsa 1 1 kramer 0 1 susan 1 1 leach 0 1 murray 0 1 david 1 1 leake 0 1 professor 1 0 of 0 0 computer 0 0 science 0 0 812 1 0 855 0 0 9756 0 0 informatics 1 0 west 0 0 203 0 0 erika 1 1 lee 0 1 lecturer 1 0 611 1 0 woodlawn 0 0 ave 0 0 room 0 0 101a 0 0 daniel 1 1 leivant 0 1 professor 1 0 of 0 0 computer 0 0 science 0 0 812 1 0 855 0 0 6221 0 0 lindley 1 0 hall 0 0 201a 0 0 nancy 1 1 lemons 0 1 director 1 0 of 0 0 undergraduate 0 0 recruiting 0 0 and 0 0 advising 0 0 812 1 0 855 0 0 8625 0 0 informatics 1 0 east 0 0 103 0 0 jane 1 1 lewis 0 1 director 1 0 of 0 0 financial 0 0 analysis 0 0 812 1 0 855 0 0 7474 0 0 informatics 1 0 east 0 0 240 0 0 gregory 1 1 lewis 0 1 assistant 1 0 professor 0 0 of 0 0 intelligent 0 0 systems 0 0 engineering 0 0 812 1 0 856 0 0 7067 0 0 smith 1 0 research 0 0 center 0 0 121f 0 0 xiaozhong 1 1 liu 0 1 associate 1 0 professor 0 0 of 0 0 information 0 0 science 0 0 812 1 0 855 0 0 2793 0 0 wells 1 0 library 0 0 027 0 0 leslie 1 1 liu 0 1 postdoctoral 1 0 fellow 0 0 lantao 1 1 liu 0 1 assistant 1 0 professor 0 0 of 0 0 intelligent 0 0 systems 0 0 engineering 0 0 812 1 0 856 0 0 7065 0 0 smith 1 0 research 0 0 center 0 0 121c 0 0 joanne 1 1 luciano 0 1 visiting 1 0 associate 0 0 professor 0 0 812 1 0 856 0 0 4772 0 0 711 1 0 park 0 0 ave 0 0 104 0 0 andrew 1 1 lukefahr 0 1 assistant 1 0 professor 0 0 lindley 1 0 hall 0 0 401e 0 0 andrew 1 1 lumsdaine 0 1 professor 1 0 of 0 0 computer 0 0 science 0 0 michael 1 1 lynch 0 1 adjunct 1 0 professor 0 0 melody 1 1 lynch 0 1 kimery 0 1 associate 1 0 director 0 0 of 0 0 undergraduate 0 0 advising 0 0 informatics 1 0 east 0 0 102 0 0 yu 1 1 ma 0 1 d2i 1 0 director 0 0 of 0 0 information 0 0 technology 0 0 812 1 0 856 0 0 1937 0 0 2715 1 0 10th 0 0 street 0 0 105b 0 0 paul 1 1 macklin 0 1 associate 1 0 professor 0 0 626 1 0 372 0 0 1203 0 0 2805 1 0 10th 0 0 street 0 0 suite 0 0 150 0 0 room 0 0 151n 0 0 chabane 1 1 maidi 0 1 adjunct 1 0 instructor 0 0 812 1 0 856 0 0 8083 0 0 cyberinfrastructure 1 0 building 0 0 sidd 1 1 maini 0 1 user 1 0 experience 0 0 engineer 0 0 812 1 0 856 0 0 1719 0 0 815 1 0 10th 0 0 street 0 0 vel 1 1 malbasa 0 1 visiting 1 0 professor 0 0 812 1 0 856 0 0 1872 0 0 lindley 1 0 hall 0 0 401c 0 0 vincent 1 1 malic 0 1 adjunct 1 0 instructor 0 0 christopher 1 1 marshall 0 1 adjunct 1 0 lecturer 0 0 benjamin 1 1 martin 0 1 senior 1 0 research 0 0 software 0 0 engineer 0 0 crest 0 0 812 1 0 855 0 0 0691 0 0 adam 1 1 martin 0 1 office 1 0 assistant 0 0 cyberinfrastructure 0 0 for 0 0 network 0 0 science 0 0 center 0 0 tami 1 1 martindale 0 1 accounting 1 0 associate 0 0 812 1 0 856 0 0 0156 0 0 informatics 1 0 east 0 0 233 0 0 sarah 1 1 mcafee 0 1 accounting 1 0 purchasing 0 0 assistant 0 0 812 1 0 856 0 0 8309 0 0 it 1 0 house 0 0 113 0 0 daniel 1 1 mcdonald 0 1 adjunct 1 0 assistant 0 0 professor 0 0 courtney 1 1 mcdonald 0 1 adjunct 1 0 instructor 0 0 812 1 0 855 0 0 4217 0 0 wells 1 0 library 0 0 w501 0 0 robert 1 1 mcdonald 0 1 visiting 1 0 research 0 0 associate 0 0 812 1 0 856 0 0 4834 0 0 wells 1 0 library 0 0 234 0 0 christian 1 1 mckay 0 1 coordinator 1 0 of 0 0 maker 0 0 space 0 0 michael 1 1 mcrobbie 0 1 professor 1 0 of 0 0 computer 0 0 science 0 0 and 0 0 informatics 0 0 812 1 0 855 0 0 5752 0 0 eden 1 1 medina 0 1 associate 1 0 professor 0 0 of 0 0 informatics 0 0 and 0 0 computing 0 0 812 1 0 856 0 0 1871 0 0 informatics 1 0 west 0 0 225 0 0 jane 1 1 mehrizi 0 1 associate 1 0 director 0 0 of 0 0 development 0 0 812 1 0 856 0 0 5909 0 0 crest 1 0 420 0 0 walnut 0 0 street 0 0 115 0 0 filippo 1 1 menczer 0 1 professor 1 0 of 0 0 computer 0 0 science 0 0 and 0 0 informatics 0 0 812 1 0 856 0 0 1377 0 0 informatics 1 0 east 0 0 314 0 0 suzanne 1 1 menzel 0 1 senior 1 0 lecturer 0 0 of 0 0 computer 0 0 science 0 0 812 1 0 855 0 0 0778 0 0 lindley 1 0 hall 0 0 201c 0 0 elizabeth 1 1 meyer 0 1 jessica 1 1 meyer 0 1 assistant 1 0 director 0 0 of 0 0 administration 0 0 and 0 0 finance 0 0 812 1 0 855 0 0 7343 0 0 informatics 1 0 east 0 0 232 0 0 joan 1 1 middendorf 0 1 assistant 1 0 adjunct 0 0 professor 0 0 lead 0 0 instructional 0 0 consultant 0 0 center 0 0 for 0 0 innovative 0 0 teaching 0 0 learning 0 0 lynne 1 1 mikolon 0 1 faculty 1 0 secretary 0 0 receptionist 0 0 812 1 0 855 0 0 5329 0 0 lindley 1 0 hall 0 0 215 0 0 gary 1 1 miksik 0 1 business 1 0 manager 0 0 digital 0 0 science 0 0 center 0 0 stasa 1 1 milojevic 0 1 associate 1 0 professor 0 0 of 0 0 informatics 0 0 informatics 1 0 east 0 0 257 0 0 catherine 1 1 minter 0 1 adjunct 1 0 assistant 0 0 professor 0 0 812 1 0 855 0 0 1702 0 0 wells 1 0 library 0 0 e560 0 0 robert 1 1 montoya 0 1 assistant 1 0 professor 0 0 of 0 0 information 0 0 and 0 0 library 0 0 science 0 0 812 1 0 856 0 0 2369 0 0 wells 1 0 library 0 0 017 0 0 jennifer 1 1 morgan 0 1 adjunct 1 0 associate 0 0 professor 0 0 andrea 1 1 morrison 0 1 adjunct 1 0 professor 0 0 812 1 0 856 0 0 7034 0 0 larry 1 1 moss 0 1 adjunct 1 0 professor 0 0 shirley 1 1 mullin 0 1 scott 1 1 murray 0 1 associate 1 0 director 0 0 of 0 0 it 0 0 facilities 0 0 support 0 0 812 1 0 856 0 0 5818 0 0 informatics 1 0 west 0 0 018 0 0 steven 1 1 myers 0 1 associate 1 0 professor 0 0 of 0 0 computer 0 0 science 0 0 and 0 0 informatics 0 0 812 1 0 856 0 0 1860 0 0 lindley 1 0 hall 0 0 330f 0 0 mark 1 1 napier 0 1 cipt 0 1 deputy 1 0 director 0 0 of 0 0 information 0 0 technology 0 0 chief 0 0 information 0 0 privacy 0 0 and 0 0 security 0 0 officer 0 0 812 1 0 855 0 0 6267 0 0 wells 1 0 library 0 0 002e 0 0 sriraam 1 1 natarajan 0 1 associate 1 0 professor 0 0 812 1 0 856 0 0 7615 0 0 informatics 1 0 east 0 0 257 0 0 sharlene 1 1 newman 0 1 associate 1 0 professor 0 0 psychological 0 0 brain 0 0 sciences 0 0 812 1 0 856 0 0 0839 0 0 py 1 0 362 0 0 ryan 1 1 newton 0 1 associate 1 0 professor 0 0 of 0 0 computer 0 0 science 0 0 812 1 0 856 0 0 4205 0 0 lindley 1 0 hall 0 0 230h 0 0 jennifer 1 1 nicholson 0 1 faculty 1 0 secretary 0 0 812 1 0 856 0 0 1861 0 0 informatics 1 0 west 0 0 102 0 0 christena 1 1 nippert 0 1 eng 0 1 professor 1 0 of 0 0 informatics 0 0 informatics 1 0 west 0 0 201a 0 0 thomas 1 1 nisonger 0 1 professor 1 0 emeritus 0 0 school 0 0 of 0 0 library 0 0 and 0 0 information 0 0 science 0 0 katie 1 1 novak 0 1 ils 1 0 project 0 0 coordinator 0 0 and 0 0 office 0 0 manager 0 0 812 1 0 855 0 0 5113 0 0 wells 1 0 library 0 0 011e 0 0 christine 1 1 ogan 0 1 professor 1 0 emerita 0 0 of 0 0 informatics 0 0 marydee 1 1 ojala 0 1 kelly 1 1 oliver 0 1 assistant 1 0 director 0 0 of 0 0 career 0 0 services 0 0 informatics 1 0 east 0 0 202 0 0 nina 1 1 onesti 0 1 senior 1 0 lecturer 0 0 812 1 0 856 0 0 2613 0 0 soic 1 0 undergraduate 0 0 annex 0 0 821 0 0 east 0 0 10th 0 0 street 0 0 william 1 1 orme 0 1 gerardo 1 1 ortiz 0 1 adjunct 1 0 professor 0 0 812 1 0 855 0 0 0367 0 0 swain 1 0 west 0 0 230 0 0 george 1 1 charles 0 1 osterholt 0 1 service 1 0 desk 0 0 manager 0 0 812 1 0 856 0 0 5230 0 0 informatics 1 0 west 0 0 013 0 0 anne 1 1 todd 0 1 ottenbreit 0 1 leftwich 0 1 adjunct 1 0 associate 0 0 professor 0 0 julie 1 1 overfield 0 1 assistant 1 0 director 0 0 intelligent 0 0 systems 0 0 engineering 0 0 812 1 0 855 0 0 8636 0 0 2805 1 0 10th 0 0 street 0 0 suite 0 0 150 0 0 151a 0 0 kaitlyn 1 1 owens 0 1 associate 1 0 director 0 0 of 0 0 career 0 0 services 0 0 812 1 0 856 0 0 1899 0 0 informatics 1 0 east 0 0 204 0 0 kristi 1 1 palmer 0 1 john 1 1 paolillo 0 1 associate 1 0 professor 0 0 of 0 0 informatics 0 0 812 1 0 856 0 0 0129 0 0 informatics 1 0 west 0 0 307b 0 0 taemin 1 1 kim 0 1 park 0 1 adjunct 1 0 professor 0 0 812 1 0 855 0 0 8536 0 0 wells 1 0 library 0 0 joanne 1 1 passet 0 1 sameer 1 1 patil 0 1 assistant 1 0 professor 0 0 812 1 0 855 0 0 4546 0 0 informatics 1 0 west 0 0 318 0 0 logan 1 1 paul 0 1 visiting 1 0 lecturer 0 0 812 1 0 856 0 0 2715 0 0 informatics 1 0 west 0 0 210 0 0 bo 1 1 peng 0 1 visiting 1 0 faculty 0 0 digital 0 0 science 0 0 center 0 0 franco 1 1 pestilli 0 1 adjunct 1 0 professor 0 0 for 0 0 intelligent 0 0 systems 0 0 engineering 0 0 adjunct 0 0 assistant 0 0 professor 0 0 for 0 0 computer 0 0 science 0 0 laura 1 1 pettit 0 1 director 1 0 of 0 0 ise 0 0 research 0 0 operations 0 0 812 1 0 856 0 0 5720 0 0 smith 1 0 research 0 0 center 0 0 152j 0 0 jill 1 1 susan 0 1 phillips 0 1 assistant 1 0 director 0 0 of 0 0 contract 0 0 grant 0 0 administration 0 0 812 1 0 855 0 0 3703 0 0 informatics 1 0 east 0 0 231 0 0 flynn 1 1 picardal 0 1 associate 1 0 professor 0 0 school 0 0 of 0 0 environmental 0 0 and 0 0 public 0 0 affairs 0 0 812 1 0 855 0 0 0733 0 0 msbii 1 0 418 0 0 marlin 1 1 pierce 0 1 adjunct 1 0 instructor 0 0 dan 1 1 pierz 0 1 lecturer 1 0 821 1 0 10th 0 0 street 0 0 undergrad 0 0 annex 0 0 room 0 0 202 0 0 christi 1 1 pike 0 1 associate 1 0 director 0 0 of 0 0 hr 0 0 and 0 0 finance 0 0 812 1 0 856 0 0 1888 0 0 informatics 1 0 east 0 0 234 0 0 pantea 1 1 pishgahi 0 1 assistant 1 0 director 0 0 of 0 0 research 0 0 collaborations 0 0 812 1 0 856 0 0 9942 0 0 321 1 0 woodlawn 0 0 avenue 0 0 beth 1 1 plale 0 1 professor 1 0 of 0 0 informatics 0 0 and 0 0 computing 0 0 812 1 0 855 0 0 4373 0 0 informatics 1 0 east 0 0 256a 0 0 jivitesh 1 1 poojary 0 1 software 1 0 developer 0 0 cyberinfrastructure 0 0 for 0 0 network 0 0 science 0 0 center 0 0 charles 1 1 pope 0 1 senior 1 0 lecturer 0 0 812 1 0 855 0 0 4647 0 0 lindley 1 0 hall 0 0 201e 0 0 stephen 1 1 porges 0 1 adjunct 1 0 professor 0 0 for 0 0 intelligent 0 0 systems 0 0 engineering 0 0 morrison 1 0 hall 0 0 franklin 1 1 prosser 0 1 professor 1 0 emeritus 0 0 of 0 0 computer 0 0 science 0 0 812 1 0 855 0 0 3689 0 0 lindley 1 0 hall 0 0 430e 0 0 paul 1 1 purdom 0 1 professor 1 0 of 0 0 computer 0 0 science 0 0 812 1 0 855 0 0 1501 0 0 lindley 1 0 hall 0 0 330d 0 0 feng 1 1 qian 0 1 assistant 1 0 professor 0 0 of 0 0 computer 0 0 science 0 0 lindley 1 0 hall 0 0 323 0 0 judy 1 1 qiu 0 1 associate 1 0 professor 0 0 of 0 0 intelligent 0 0 systems 0 0 engineering 0 0 812 1 0 855 0 0 4856 0 0 smith 1 0 research 0 0 center 0 0 filippo 1 1 radicchi 0 1 associate 1 0 professor 0 0 812 1 0 855 0 0 9322 0 0 informatics 1 0 east 0 0 304 0 0 predrag 1 1 radivojac 0 1 professor 1 0 of 0 0 computer 0 0 science 0 0 and 0 0 informatics 0 0 812 1 0 856 0 0 1851 0 0 lindley 1 0 hall 0 0 301f 0 0 christopher 1 1 raphael 0 1 professor 1 0 of 0 0 informatics 0 0 812 1 0 856 0 0 1849 0 0 informatics 1 0 west 0 0 315 0 0 gregory 1 1 rawlins 0 1 associate 1 0 professor 0 0 of 0 0 computer 0 0 science 0 0 812 1 0 855 0 0 2136 0 0 lindley 1 0 hall 0 0 201f 0 0 lisel 1 1 record 0 1 exhibit 1 0 manager 0 0 cyberinfrastructure 0 0 for 0 0 network 0 0 science 0 0 center 0 0 laura 1 1 reed 0 1 administrative 1 0 secretary 0 0 812 1 0 855 0 0 4341 0 0 lindley 1 0 hall 0 0 215 0 0 kayce 1 1 reed 0 1 buechlein 0 1 visiting 1 0 lecturer 0 0 812 1 0 856 0 0 6262 0 0 611 1 0 woodlawn 0 0 patty 1 1 reyes 0 1 cooksey 0 1 director 1 0 of 0 0 graduate 0 0 administration 0 0 812 1 0 856 0 0 3622 0 0 lindley 1 0 hall 0 0 225b 0 0 dan 1 1 richert 0 1 senior 1 0 lecturer 0 0 812 1 0 856 0 0 3990 0 0 821 1 0 10th 0 0 street 0 0 undergrad 0 0 annex 0 0 room 0 0 200 0 0 allen 1 1 riddell 0 1 assistant 1 0 professor 0 0 of 0 0 information 0 0 science 0 0 wells 1 0 library 0 0 025 0 0 alice 1 1 robbin 0 1 emeritus 1 0 associate 0 0 professor 0 0 of 0 0 library 0 0 and 0 0 information 0 0 science 0 0 812 1 0 855 0 0 5389 0 0 wells 1 0 library 0 0 023 0 0 michele 1 1 roberts 0 1 director 1 0 of 0 0 computing 0 0 outreach 0 0 education 0 0 812 1 0 856 0 0 3712 0 0 informatics 1 0 west 0 0 301 0 0 edward 1 1 robertson 0 1 professor 1 0 emeritus 0 0 of 0 0 computer 0 0 science 0 0 and 0 0 informatics 0 0 812 1 0 855 0 0 4954 0 0 lindley 1 0 hall 0 0 430e 0 0 luis 1 1 rocha 0 1 professor 1 0 of 0 0 informatics 0 0 812 1 0 856 0 0 1832 0 0 informatics 1 0 east 0 0 301 0 0 kimberly 1 1 ann 0 1 rodman 0 1 project 1 0 specialist 0 0 crest 0 0 howard 1 1 rosenbaum 0 1 professor 1 0 of 0 0 information 0 0 science 0 0 812 1 0 855 0 0 3250 0 0 wells 1 0 library 0 0 005c 0 0 mary 1 1 beth 0 1 roska 0 1 associate 1 0 director 0 0 of 0 0 alumni 0 0 relations 0 0 and 0 0 stewardship 0 0 812 1 0 856 0 0 0591 0 0 crest 1 0 420 0 0 walnut 0 0 112 0 0 giancarlo 1 1 ruffo 0 1 adjunct 1 0 associate 0 0 professor 0 0 michael 1 1 ryoo 0 1 assistant 1 0 professor 0 0 of 0 0 informatics 0 0 and 0 0 computing 0 0 informatics 1 0 east 0 0 259 0 0 selma 1 1 sabanovic 0 1 associate 1 0 professor 0 0 of 0 0 informatics 0 0 812 1 0 856 0 0 0386 0 0 informatics 1 0 east 0 0 265 0 0 amr 1 1 sabry 0 1 professor 1 0 of 0 0 informatics 0 0 and 0 0 computing 0 0 812 1 0 855 0 0 3668 0 0 lindley 1 0 hall 0 0 205a 0 0 jodie 1 1 sackley 0 1 associate 1 0 director 0 0 for 0 0 employer 0 0 relations 0 0 812 1 0 856 0 0 6909 0 0 informatics 1 0 east 0 0 203 0 0 olgun 1 1 sad 0 1 lecturer 1 0 812 1 0 855 0 0 4536 0 0 lindley 1 0 hall 0 0 401d 0 0 cenk 1 1 sahinalp 0 1 professor 1 0 of 0 0 computer 0 0 science 0 0 812 1 0 855 0 0 7260 0 0 lindley 1 0 hall 0 0 301h 0 0 lois 1 1 ann 0 1 scheidt 0 1 visiting 1 0 lecturer 0 0 informatics 1 0 west 0 0 robert 1 1 schnabel 0 1 dean 1 0 emeritus 0 0 professor 0 0 emeritus 0 0 of 0 0 informatics 0 0 and 0 0 computing 0 0 and 0 0 professor 0 0 emeritus 0 0 of 0 0 computer 0 0 science 0 0 812 1 0 856 0 0 1079 0 0 jennifer 1 1 schopf 0 1 adjunct 1 0 associate 0 0 professor 0 0 cib 1 0 349 0 0 olga 1 1 scrivner 0 1 research 1 0 scientist 0 0 cyberinfrastructure 0 0 for 0 0 network 0 0 science 0 0 center 0 0 kayla 1 1 scroggins 0 1 director 1 0 of 0 0 data 0 0 science 0 0 graduate 0 0 student 0 0 services 0 0 812 1 0 856 0 0 5953 0 0 711 1 0 park 0 0 ave 0 0 kody 1 1 sexton 0 1 associate 1 0 director 0 0 of 0 0 academic 0 0 and 0 0 career 0 0 planning 0 0 informatics 1 0 east 0 0 104 0 0 chung 1 1 chieh 0 1 shan 0 1 assistant 1 0 professor 0 0 812 1 0 856 0 0 4400 0 0 lindley 1 0 hall 0 0 230b 0 0 debora 1 1 shaw 0 1 professor 1 0 emerita 0 0 school 0 0 of 0 0 informatics 0 0 and 0 0 computing 0 0 bloomington 0 0 campus 0 0 sidney 1 1 shaw 0 1 associate 1 0 professor 0 0 biology 0 0 812 1 0 856 0 0 5001 0 0 my 1 0 354 0 0 james 1 1 shea 0 1 senior 1 0 director 0 0 of 0 0 planning 0 0 and 0 0 communications 0 0 812 1 0 856 0 0 6091 0 0 informatics 1 0 east 0 0 210b 0 0 shing 1 1 shong 0 1 shei 0 1 senior 1 0 large 0 0 systems 0 0 specialist 0 0 812 1 0 855 0 0 0929 0 0 lindley 1 0 hall 0 0 428a 0 0 christina 1 1 sheley 0 1 adjunct 1 0 instructor 0 0 812 1 0 855 0 0 2484 0 0 spea 1 0 150 0 0 kelsey 1 1 shephard 0 1 associate 1 0 director 0 0 of 0 0 research 0 0 collaborations 0 0 patrick 1 1 shih 0 1 assistant 1 0 professor 0 0 of 0 0 informatics 0 0 812 1 0 856 0 0 4022 0 0 informatics 1 0 east 0 0 360 0 0 alex 1 1 shroyer 0 1 electronics 1 0 engineer 0 0 812 1 0 856 0 0 4408 0 0 crest 1 0 236 0 0 martin 1 1 siegel 0 1 professor 1 0 of 0 0 informatics 0 0 812 1 0 856 0 0 1103 0 0 informatics 1 0 west 0 0 211 0 0 jeremy 1 1 siek 0 1 associate 1 0 professor 0 0 812 1 0 855 0 0 7241 0 0 lindley 1 0 hall 0 0 230d 0 0 katie 1 1 siek 0 1 associate 1 0 professor 0 0 informatics 1 0 east 0 0 267 0 0 joel 1 1 silver 0 1 adjunct 1 0 professor 0 0 grant 1 1 simpson 0 1 adjunct 1 0 instructor 0 0 812 1 0 855 0 0 2473 0 0 craig 1 1 simpson 0 1 adjunct 1 0 instructor 0 0 812 1 0 855 0 0 2452 0 0 gagandeep 1 1 singh 0 1 software 1 0 developer 0 0 cyberinfrastructure 0 0 for 0 0 network 0 0 science 0 0 center 0 0 sara 1 1 skrabalak 0 1 james 1 0 rudy 0 0 associate 0 0 professor 0 0 chemistry 0 0 812 1 0 856 0 0 1892 0 0 chem 1 0 c229a 0 0 kathryn 1 1 slott 0 1 stephanie 1 1 smith 0 1 ils 1 0 admissions 0 0 coordinator 0 0 and 0 0 recorder 0 0 812 1 0 855 0 0 2666 0 0 wells 1 0 library 0 0 011 0 0 younei 1 1 soe 0 1 adjunct 1 0 lecturer 0 0 wells 1 0 library 0 0 endre 1 1 somogyi 0 1 lecturer 1 0 simon 1 0 hall 0 0 christin 1 1 sparks 0 1 associate 1 0 director 0 0 of 0 0 undergraduate 0 0 advising 0 0 informatics 1 0 east 0 0 100 0 0 olaf 1 1 sporns 0 1 adjunct 1 0 professor 0 0 george 1 1 springer 0 1 professor 1 0 emeritus 0 0 of 0 0 computer 0 0 science 0 0 617 1 0 916 0 0 5594 0 0 prateek 1 1 srivastava 0 1 research 1 0 assistant 0 0 513 1 0 913 0 0 2307 0 0 crest 1 0 sid 1 1 stamm 0 1 adjunct 1 0 assistant 0 0 professor 0 0 roderick 1 1 stark 0 1 visiting 1 0 lecturer 0 0 in 0 0 informatics 0 0 undergrad 1 0 annex 0 0 200 0 0 michael 1 1 steffens 0 1 carrie 1 1 stemen 0 1 graduate 1 0 admissions 0 0 and 0 0 records 0 0 assistant 0 0 informatics 0 0 812 1 0 856 0 0 1406 0 0 informatics 1 0 west 0 0 235 0 0 thomas 1 1 sterling 0 1 professor 1 0 of 0 0 electrical 0 0 engineering 0 0 812 1 0 856 0 0 4597 0 0 jodi 1 1 stern 0 1 administrative 1 0 secretary 0 0 d2i 0 0 center 0 0 812 1 0 856 0 0 3254 0 0 data 1 0 to 0 0 insight 0 0 center 0 0 2715 0 0 10th 0 0 street 0 0 kyle 1 1 stirling 0 1 associate 1 0 director 0 0 for 0 0 industry 0 0 and 0 0 strategic 0 0 initiatives 0 0 650 1 0 283 0 0 5953 0 0 711 1 0 park 0 0 ave 0 0 erik 1 1 stolterman 0 1 senior 1 0 executive 0 0 associate 0 0 dean 0 0 812 1 0 856 0 0 5803 0 0 informatics 1 0 east 0 0 226a 0 0 allan 1 1 streib 0 1 digital 1 0 science 0 0 center 0 0 joshua 1 1 streiff 0 1 csi 1 0 iot 0 0 project 0 0 manager 0 0 812 1 0 856 0 0 7986 0 0 612 1 0 park 0 0 ave 0 0 norman 1 1 makoto 0 1 su 0 1 assistant 1 0 professor 0 0 of 0 0 informatics 0 0 812 1 0 855 0 0 1760 0 0 informatics 1 0 west 0 0 201b 0 0 cassidy 1 1 sugimoto 0 1 associate 1 0 professor 0 0 of 0 0 informatics 0 0 812 1 0 856 0 0 2323 0 0 informatics 1 0 east 0 0 263 0 0 martin 1 1 swany 0 1 associate 1 0 chair 0 0 of 0 0 intelligent 0 0 systems 0 0 engineering 0 0 812 1 0 856 0 0 7795 0 0 crest 1 0 208 0 0 haixu 1 1 tang 0 1 professor 1 0 of 0 0 informatics 0 0 and 0 0 computing 0 0 812 1 0 856 0 0 1859 0 0 lindley 1 0 hall 0 0 301d 0 0 corey 1 1 tarbell 0 1 ils 1 0 director 0 0 of 0 0 graduate 0 0 student 0 0 services 0 0 812 1 0 856 0 0 7214 0 0 wells 1 0 library 0 0 011 0 0 jill 1 1 taylor 0 1 cns 1 0 center 0 0 assistant 0 0 812 1 0 855 0 0 5120 0 0 wells 1 0 library 0 0 20 0 0 terry 1 1 taylor 0 1 norbu 0 1 director 1 0 of 0 0 the 0 0 dean 0 0 external 0 0 affairs 0 0 812 1 0 856 0 0 1079 0 0 informatics 1 0 east 0 0 210 0 0 jennifer 1 1 terrell 0 1 lecturer 1 0 611 1 0 woodlawn 0 0 room 0 0 204 0 0 una 1 1 thacker 0 1 assistant 1 0 director 0 0 serve 0 0 it 0 0 nonprofit 0 0 clinic 0 0 812 1 0 856 0 0 7402 0 0 informatics 1 0 west 0 0 120a 0 0 tracey 1 1 theriault 0 1 visual 1 0 communications 0 0 and 0 0 social 0 0 media 0 0 manager 0 0 812 1 0 856 0 0 0931 0 0 823 1 0 11th 0 0 street 0 0 room 0 0 105 0 0 todd 1 1 theriault 0 1 technical 1 0 writer 0 0 cyberinfrastructure 0 0 for 0 0 network 0 0 science 0 0 center 0 0 amie 1 1 thomas 0 1 sam 1 1 tobin 0 1 hochstadt 0 1 assistant 1 0 professor 0 0 812 1 0 856 0 0 3240 0 0 lindley 1 0 hall 0 0 230c 0 0 peter 1 1 todd 0 1 professor 1 0 of 0 0 cognitive 0 0 science 0 0 psychology 0 0 and 0 0 informatics 0 0 812 1 0 855 0 0 3914 0 0 psychology 1 0 room 0 0 369 0 0 paul 1 1 toddy 0 1 director 1 0 of 0 0 facilities 0 0 812 1 0 856 0 0 7708 0 0 informatics 1 0 east 0 0 241 0 0 michael 1 1 trossett 0 1 adjunct 1 0 professor 0 0 andrew 1 1 tsou 0 1 adjunct 1 0 instructor 0 0 john 1 1 tweedie 0 1 senior 1 0 director 0 0 of 0 0 administration 0 0 finance 0 0 812 1 0 856 0 0 3143 0 0 informatics 1 0 east 0 0 242 0 0 andy 1 1 uhrich 0 1 adjunct 1 0 instructor 0 0 812 1 0 856 0 0 7081 0 0 wells 1 0 library 0 0 e1060 0 0 jan 1 1 van 0 1 den 0 1 bussche 0 1 adjunct 1 0 professor 0 0 dirk 1 1 van 0 1 gucht 0 1 professor 1 0 of 0 0 computer 0 0 science 0 0 812 1 0 855 0 0 6429 0 0 lindley 1 0 hall 0 0 401b 0 0 bonnie 1 1 vandeventer 0 1 assistant 1 0 director 0 0 of 0 0 advising 0 0 lindley 1 0 hall 0 0 228 0 0 alex 1 1 vespignani 0 1 adjunct 1 0 professor 0 0 gregor 1 1 von 0 1 laszewski 0 1 assistant 1 0 director 0 0 digital 0 0 science 0 0 center 0 0 smith 1 0 research 0 0 center 0 0 2805 1 0 10th 0 0 st 0 0 150 0 0 steven 1 1 wallace 0 1 adjunct 1 0 lecturer 0 0 john 1 1 walsh 0 1 associate 1 0 professor 0 0 of 0 0 information 0 0 and 0 0 library 0 0 science 0 0 812 1 0 856 0 0 0707 0 0 wells 1 0 library 0 0 005b 0 0 xiaofeng 1 1 wang 0 1 professor 1 0 of 0 0 informatics 0 0 and 0 0 computer 0 0 science 0 0 812 1 0 856 0 0 1862 0 0 lindley 1 0 hall 0 0 230f 0 0 fugang 1 1 wang 0 1 digital 1 0 science 0 0 center 0 0 adam 1 1 ward 0 1 adjunct 1 0 professor 0 0 for 0 0 intelligent 0 0 systems 0 0 engineering 0 0 812 1 0 856 0 0 4820 0 0 msb 1 0 ii 0 0 430 0 0 lamara 1 1 warren 0 1 assistant 1 0 dean 0 0 for 0 0 multicultural 0 0 affairs 0 0 and 0 0 diversity 0 0 812 1 0 856 0 0 0703 0 0 informatics 1 0 east 0 0 220 0 0 debbie 1 1 weaver 0 1 technical 1 0 support 0 0 coordinator 0 0 812 1 0 856 0 0 3325 0 0 informatics 1 0 west 0 0 018 0 0 kate 1 1 messing 0 1 wehner 0 1 adjunct 1 0 instructor 0 0 812 1 0 855 0 0 7032 0 0 von 1 0 lee 0 0 building 0 0 erik 1 1 wennstrom 0 1 lecturer 1 0 lindley 1 0 hall 0 0 425 0 0 clint 1 1 whaley 0 1 associate 1 0 professor 0 0 intelligent 0 0 systems 0 0 engineering 0 0 2805 1 0 10th 0 0 st 0 0 suite 0 0 121x 0 0 herbert 1 1 white 0 1 distinguished 1 0 professor 0 0 emeritus 0 0 school 0 0 of 0 0 library 0 0 and 0 0 information 0 0 science 0 0 martha 1 1 white 0 1 assistant 1 0 professor 0 0 lindley 1 0 hall 0 0 401e 0 0 jeffrey 1 1 whitmer 0 1 senior 1 0 lecturer 0 0 of 0 0 computer 0 0 science 0 0 and 0 0 informatics 0 0 812 1 0 855 0 0 3974 0 0 lindley 1 0 hall 0 0 201g 0 0 gary 1 1 wiggins 0 1 librarian 1 0 emeritus 0 0 david 1 1 wild 0 1 director 1 0 data 0 0 science 0 0 academic 0 0 programs 0 0 812 1 0 856 0 0 1848 0 0 informatics 1 0 west 0 0 donald 1 1 williamson 0 1 assistant 1 0 professor 0 0 812 1 0 856 0 0 3716 0 0 lindley 1 0 hall 0 0 301e 0 0 rebecca 1 1 conway 0 1 winkle 0 1 graduate 1 0 manager 0 0 intelligent 0 0 systems 0 0 engineering 0 0 812 1 0 855 0 0 2917 0 0 smith 1 0 research 0 0 center 0 0 150 0 0 david 1 1 wise 0 1 professor 1 0 emeritus 0 0 of 0 0 computer 0 0 science 0 0 sachith 1 1 withana 0 1 visiting 1 0 scholar 0 0 812 1 0 856 0 0 3254 0 0 data 1 0 to 0 0 insight 0 0 center 0 0 karen 1 1 wright 0 1 career 1 0 services 0 0 specialist 0 0 812 1 0 856 0 0 6016 0 0 informatics 1 0 east 0 0 110 0 0 alex 1 1 wukmer 0 1 facilities 1 0 technician 0 0 812 1 0 855 0 0 9035 0 0 815 1 0 10th 0 0 street 0 0 heather 1 1 yarnall 0 1 kates 0 1 administrative 1 0 assistant 0 0 2805 1 0 10th 0 0 street 0 0 suite 0 0 150 0 0 grigory 1 1 yaroslavtsev 0 1 assistant 1 0 professor 0 0 lindley 1 0 hall 0 0 430f 0 0 yuzhen 1 1 ye 0 1 associate 1 0 professor 0 0 of 0 0 informatics 0 0 and 0 0 computing 0 0 lindley 1 0 hall 0 0 301g 0 0 chen 1 1 yu 0 1 adjunct 1 0 professor 0 0 qin 1 1 zhang 0 1 assistant 1 0 professor 0 0 lindley 1 0 hall 0 0 430a 0 0 bo 1 1 zhang 0 1 research 1 0 associate 0 0 crest 0 0 crest 1 0 234 0 0 yuan 1 1 zhou 0 1 assistant 1 0 professor 0 0 lindley 1 0 hall 0 0 430d 0 0 fulfilling 1 0 the 1 0 promise 1 0 privacy 1 0 notice 0 0 accessibility 1 0 help 0 0 internal 1 0 resources 0 0 enter 1 0 service 0 0 request 0 0 copyright 1 0 the 1 0 trustees 0 0 of 0 0 indiana 1 0 university 0 0
