faculty 1 0 staff 0 0 computer 0 0 science 0 0 uncw 0 0 skip 1 0 uncw 0 0 quicklinks 0 0 email 1 0 directory 1 0 myseaport 1 0 quicklinks 1 0 blackboard 1 0 learn 0 0 board 1 0 of 0 0 trustees 0 0 campus 1 0 police 0 0 career 1 0 center 0 0 chancellor 1 0 office 0 0 consumer 1 0 information 0 0 diversity 1 0 distance 1 0 education 0 0 financial 1 0 aid 0 0 forms 1 0 health 1 0 services 0 0 housing 1 0 information 1 0 technology 0 0 jobs 1 0 leave 1 0 keeping 0 0 policies 1 0 procedures 0 0 registrar 1 0 seanet 1 0 swoop 1 0 tuition 1 0 fees 0 0 go 1 0 computer 1 0 science 0 0 page 1 0 menu 0 0 about 1 0 us 0 0 computing 1 0 facilities 0 0 faculty 1 0 and 0 0 staff 0 0 mission 1 0 news 1 0 option 1 0 systems 0 0 option 1 0 policies 1 0 procedures 0 0 program 1 0 education 0 0 objectives 0 0 student 1 0 outcomes 0 0 prospective 1 0 students 0 0 undergraduate 1 0 students 0 0 graduate 1 0 students 0 0 research 1 0 college 1 0 of 0 0 arts 0 0 and 0 0 sciences 0 0 department 1 0 address 0 0 department 1 0 of 0 0 computer 0 0 science 0 0 university 1 0 of 0 0 north 0 0 carolina 0 0 wilmington 0 0 cis 1 0 building 0 0 room 0 0 2010 0 0 601 1 0 south 0 0 college 0 0 road 0 0 wilmington 1 0 nc 0 0 28403 0 0 phone 1 0 fax 1 0 email 1 0 us 0 0 current 1 0 faculty 0 0 and 0 0 staff 0 0 dr 1 0 curry 0 1 guinn 0 1 department 1 0 chair 0 0 professor 1 0 cis 1 0 2015 0 0 email 1 0 web 1 0 site 0 0 emma 1 1 kay 0 1 thornton 0 1 administrative 1 0 assistant 0 0 cis 1 0 2010 0 0 email 1 0 dr 1 0 gur 0 1 saran 0 1 adhar 0 1 professor 1 0 cis 1 0 2037 0 0 email 1 0 web 1 0 site 0 0 mr 1 0 ralph 0 1 bradley 0 1 assistant 1 0 chair 0 0 and 1 0 lecturer 1 0 cis 1 0 2033 0 0 email 1 0 web 1 0 site 0 0 mr 1 0 eddie 0 1 dunn 0 1 systems 1 0 administrator 0 0 cis 1 0 2048 0 0 email 1 0 ms 1 0 elham 0 1 ebrahimi 0 1 assistant 1 0 professor 0 0 cis 1 0 2037 0 0 email 1 0 web 1 0 site 0 0 dr 1 0 clayton 0 1 ferner 0 1 director 1 0 ms 0 0 csis 0 0 program 0 0 professor 1 0 cis 1 0 2036 0 0 email 1 0 web 1 0 site 0 0 ms 1 0 marni 0 1 ferner 0 1 senior 1 0 lecturer 0 0 cis 1 0 2032 0 0 email 1 0 web 1 0 site 0 0 dr 1 0 hyunbum 0 1 kim 0 1 assistant 1 0 professor 0 0 cis 1 0 2044 0 0 email 1 0 web 1 0 site 0 0 dr 1 0 lucas 0 1 layman 0 1 assistant 1 0 professor 0 0 cis 1 0 2045 0 0 email 1 0 web 1 0 site 0 0 morago 1 0 assistant 1 0 professor 0 0 cis 1 0 2040 0 0 email 1 0 web 1 0 site 0 0 dr 1 0 sridhar 0 1 narayan 0 1 professor 1 0 cis 1 0 2039 0 0 email 1 0 web 1 0 site 0 0 dr 1 0 laurie 0 1 patterson 0 1 associate 1 0 professor 0 0 os 1 0 2016e 0 0 email 1 0 web 1 0 site 0 0 dr 1 0 toni 0 1 pence 0 1 assistant 1 0 professor 0 0 cis 1 0 2041 0 0 email 1 0 web 1 0 site 0 0 dr 1 0 karl 0 1 ricanek 0 1 professor 1 0 cis 1 0 2042 0 0 email 1 0 web 1 0 site 0 0 dr 1 0 devon 0 1 simmonds 0 1 associate 1 0 professor 0 0 cis 1 0 2046 0 0 email 1 0 web 1 0 site 0 0 mr 1 0 yang 0 1 song 0 1 assistant 1 0 professor 0 0 cis 1 0 2031 0 0 email 1 0 web 1 0 site 0 0 dr 1 0 gene 0 1 tagliarini 0 1 professor 1 0 cis 1 0 2038 0 0 email 1 0 web 1 0 site 0 0 mr 1 0 jack 0 1 tompkins 0 1 lecturer 1 0 cis 1 0 2034 0 0 email 1 0 web 1 0 site 0 0 dr 1 0 ron 0 1 vetter 0 1 professor 1 0 and 0 0 associate 0 0 provost 0 0 for 0 0 research 0 0 and 0 0 dean 0 0 graduate 0 0 school 0 0 cis 1 0 2044 0 0 email 1 0 web 1 0 site 0 0 mr 1 0 kyle 0 1 bowman 0 1 cis 1 0 2025 0 0 email 1 0 bowmank 0 0 at 0 0 mr 1 0 bradford 0 1 brown 0 1 cis 1 0 2025 0 0 email 1 0 web 1 0 site 0 0 mr 1 0 kevin 0 1 carlin 0 1 cis 1 0 2025 0 0 email 1 0 web 1 0 site 0 0 ms 1 0 amrutha 0 1 sethuram 0 1 cis 1 0 2025 0 0 email 1 0 web 1 0 site 0 0 mr 1 0 bill 0 1 shipman 0 1 cis 1 0 2025 0 0 email 1 0 shipmanw 0 0 at 0 0 dr 1 0 geoff 0 1 stoker 0 1 cis 1 0 2025 0 0 email 1 0 stokerg 0 0 at 0 0 mr 1 0 sohail 0 1 sukhera 0 1 cis 1 0 2025 0 0 email 1 0 web 1 0 site 0 0 retired 1 0 faculty 0 0 dr 1 0 david 0 1 berman 0 1 professor 1 0 emeritus 0 0 dr 1 0 fletcher 0 1 norris 0 1 professor 1 0 emeritus 0 0 dr 1 0 harry 0 1 smith 0 1 associate 1 0 professor 0 0 emeritus 0 0 we 1 0 mourn 0 0 the 0 0 passing 0 0 of 0 0 friend 0 0 and 0 0 colleague 0 0 read 1 0 dr 0 0 smith 0 0 2004 0 0 interview 1 0 dr 1 0 barbara 0 1 greim 0 1 we 1 0 mourn 0 0 the 0 0 passing 0 0 of 0 0 friend 0 0 colleague 0 0 and 0 0 our 0 0 first 0 0 department 0 0 chair 0 0 dr 1 0 greim 0 0 obituary 1 0 department 1 0 of 0 0 computer 0 0 science 0 0 organizational 0 0 chart 0 0 the 1 0 university 0 0 academics 1 0 admissions 1 0 arts 1 0 athletics 1 0 financial 1 0 aid 0 0 giving 1 0 international 1 0 library 1 0 offices 1 0 services 0 0 research 1 0 academic 1 0 units 0 0 graduate 1 0 school 0 0 cameron 1 0 school 0 0 of 0 0 business 0 0 watson 1 0 college 0 0 of 0 0 education 0 0 college 1 0 of 0 0 arts 0 0 sciences 0 0 college 1 0 of 0 0 health 0 0 human 0 0 services 0 0 center 1 0 for 0 0 marine 0 0 science 0 0 helpful 1 0 links 0 0 accessibility 1 0 alumni 1 0 calendar 1 0 current 1 0 students 0 0 diversity 1 0 emergency 1 0 safety 0 0 jobs 1 0 news 1 0 title 1 0 ix 0 0 virtual 1 0 tour 0 0 visit 1 0 unc 1 0 wilmington 0 0 601 0 0 college 0 0 road 0 0 wilmington 0 0 nc 0 0 28403 0 0 about 1 0 this 0 0 site 0 0 copyright 1 0 notice 0 0 feedback 1 0 page 1 0 maintained 0 0 by 0 0 guinn 1 0
