faculty 1 0 directory 0 0 electrical 0 0 engineering 0 0 princeton 0 0 university 0 0 skip 1 0 to 0 0 main 0 0 content 0 0 princeton 1 0 university 0 0 school 1 0 of 0 0 engineering 0 0 applied 0 0 science 0 0 princeton 1 0 university 0 0 electrical 1 0 engineering 0 0 about 1 0 about 1 0 electrical 0 0 engineering 0 0 message 1 0 from 0 0 the 0 0 department 0 0 chair 0 0 contact 1 0 advisory 1 0 council 0 0 visiting 1 0 us 0 0 careers 1 0 departmental 1 0 procedures 0 0 emergency 1 0 action 0 0 plan 0 0 people 1 0 faculty 1 0 administrative 1 0 technical 1 0 graduate 1 0 students 0 0 research 1 0 staff 0 0 courses 1 0 course 1 0 list 0 0 course 1 0 catalog 0 0 undergraduate 1 0 undergraduate 1 0 program 0 0 prospective 1 0 majors 0 0 why 1 0 study 0 0 electrical 0 0 engineering 0 0 curriculum 1 0 independent 1 0 research 0 0 and 0 0 thesis 0 0 abet 1 0 accreditation 0 0 undergraduate 1 0 handbook 0 0 pdf 0 0 prospective 1 0 student 0 0 handbook 0 0 pdf 0 0 highlights 1 0 alumni 1 0 showcase 0 0 graduate 1 0 graduate 1 0 program 0 0 graduate 1 0 admissions 0 0 handbook 1 0 pdf 0 0 highlights 1 0 alumni 1 0 showcase 0 0 research 1 0 research 1 0 in 0 0 electrical 0 0 engineering 0 0 interdisciplinary 1 0 research 0 0 faculty 1 0 highlights 0 0 faculty 1 0 recognition 0 0 login 1 0 search 1 0 core 1 0 areas 0 0 applied 1 0 physics 0 0 computing 1 0 networking 0 0 information 1 0 sciences 0 0 systems 0 0 integrated 1 0 electronic 0 0 systems 0 0 materials 1 0 devices 0 0 photonics 1 0 application 1 0 thrusts 0 0 biological 1 0 biomedical 0 0 energy 1 0 environment 0 0 high 1 0 performance 0 0 computing 0 0 nanotechnologies 1 0 quantum 1 0 information 0 0 security 1 0 news 1 0 neuromorphic 1 0 photonics 0 0 co 0 0 authored 0 0 ele 1 0 297 0 0 project 0 0 receives 0 0 ee 1 0 cs 0 0 alum 0 0 jeff 0 0 bezos 0 0 rand 1 0 contributes 0 0 to 0 0 andlinger 0 0 chen 1 0 developing 0 0 systems 0 0 for 0 0 drones 0 0 events 1 0 passivating 1 0 contacts 0 0 key 0 0 to 0 0 integrated 1 0 frequency 0 0 conversion 0 0 towards 1 0 clinically 0 0 viable 0 0 translating 1 0 science 0 0 to 0 0 public 0 0 towards 1 0 microwave 0 0 to 0 0 telecom 0 0 nano 1 0 photonic 0 0 quantum 0 0 quickest 1 0 change 0 0 detection 0 0 research 1 0 area 0 0 applied 1 0 physics 0 0 biological 1 0 biomedical 0 0 computing 1 0 networking 0 0 energy 1 0 environment 0 0 high 1 0 performance 0 0 computing 0 0 information 1 0 sciences 0 0 systems 0 0 integrated 1 0 electronic 0 0 systems 0 0 materials 1 0 devices 0 0 nanotechnologies 1 0 quantum 1 0 information 0 0 photonics 1 0 security 1 0 submit 1 0 faculty 1 0 directory 0 0 emmanuel 1 1 abbe 0 1 associate 1 0 professor 0 0 of 0 0 electrical 0 0 engineering 0 0 program 1 0 in 0 0 applied 0 0 and 0 0 computational 0 0 mathematics 0 0 associated 1 0 faculty 0 0 in 0 0 mathematics 0 0 b322 1 0 engineering 0 0 quadrangle 0 0 212 0 0 fine 0 0 hall 0 0 609 1 0 258 0 0 4692 0 0 research 1 0 interests 0 0 information 1 0 sciences 0 0 systems 0 0 security 1 0 ravindra 1 1 bhatt 0 1 professor 1 0 of 0 0 electrical 0 0 engineering 0 0 b430 1 0 engineering 0 0 quadrangle 0 0 609 1 0 258 0 0 1819 0 0 research 1 0 interests 0 0 applied 1 0 physics 0 0 minjie 1 1 chen 0 1 assistant 1 0 professor 0 0 of 0 0 electrical 0 0 engineering 0 0 andlinger 0 0 center 0 0 for 0 0 energy 0 0 and 0 0 the 0 0 environment 0 0 217 1 0 andlinger 0 0 center 0 0 for 0 0 energy 0 0 and 0 0 the 0 0 environment 0 0 609 1 0 258 0 0 7656 0 0 research 1 0 interests 0 0 applied 1 0 physics 0 0 energy 1 0 environment 0 0 integrated 1 0 electronic 0 0 systems 0 0 materials 1 0 devices 0 0 yuxin 1 1 chen 0 1 assistant 1 0 professor 0 0 of 0 0 electrical 0 0 engineering 0 0 c330 1 0 engineering 0 0 quadrangle 0 0 609 1 0 258 0 0 1693 0 0 research 1 0 interests 0 0 information 1 0 sciences 0 0 systems 0 0 stephen 1 1 chou 0 1 joseph 1 0 elgin 0 0 professor 0 0 of 0 0 engineering 0 0 professor 1 0 of 0 0 electrical 0 0 engineering 0 0 b412 1 0 engineering 0 0 quadrangle 0 0 609 1 0 258 0 0 4416 0 0 research 1 0 interests 0 0 biological 1 0 biomedical 0 0 materials 1 0 devices 0 0 nanotechnologies 1 0 photonics 1 0 nathalie 1 1 de 0 1 leon 0 1 assistant 1 0 professor 0 0 of 0 0 electrical 0 0 engineering 0 0 b320 1 0 engineering 0 0 quadrangle 0 0 609 1 0 258 0 0 5694 0 0 research 1 0 interests 0 0 applied 1 0 physics 0 0 materials 1 0 devices 0 0 nanotechnologies 1 0 photonics 1 0 quantum 1 0 information 0 0 jason 1 1 fleischer 0 1 professor 1 0 of 0 0 electrical 0 0 engineering 0 0 318 1 0 87 0 0 prospect 0 0 609 1 0 258 0 0 8963 0 0 research 1 0 interests 0 0 applied 1 0 physics 0 0 biological 1 0 biomedical 0 0 photonics 1 0 claire 1 1 gmachl 0 1 eugene 1 0 higgins 0 0 professor 0 0 of 0 0 electrical 0 0 engineering 0 0 director 1 0 of 0 0 mirthe 0 0 nsf 0 0 erc 0 0 associate 1 0 chair 0 0 department 0 0 of 0 0 electrical 0 0 engineering 0 0 b227a 1 0 engineering 0 0 quadrangle 0 0 609 1 0 258 0 0 7489 0 0 research 1 0 interests 0 0 applied 1 0 physics 0 0 materials 1 0 devices 0 0 photonics 1 0 andrew 1 1 houck 0 1 professor 1 0 of 0 0 electrical 0 0 engineering 0 0 b424 1 0 engineering 0 0 quadrangle 0 0 609 1 0 258 0 0 2571 0 0 research 1 0 interests 0 0 applied 1 0 physics 0 0 photonics 1 0 quantum 1 0 information 0 0 niraj 1 1 jha 0 1 professor 1 0 of 0 0 electrical 0 0 engineering 0 0 b220 1 0 engineering 0 0 quadrangle 0 0 609 1 0 258 0 0 4754 0 0 research 1 0 interests 0 0 biological 1 0 biomedical 0 0 computing 1 0 networking 0 0 energy 1 0 environment 0 0 high 1 0 performance 0 0 computing 0 0 integrated 1 0 electronic 0 0 systems 0 0 nanotechnologies 1 0 quantum 1 0 information 0 0 security 1 0 antoine 1 1 kahn 0 1 stephen 1 0 macaleer 0 0 63 0 0 professor 0 0 in 0 0 engineering 0 0 and 0 0 applied 0 0 science 0 0 professor 1 0 of 0 0 electrical 0 0 engineering 0 0 vice 1 0 dean 0 0 school 0 0 of 0 0 engineering 0 0 and 0 0 applied 0 0 sciences 0 0 b420 1 0 engineering 0 0 quadrangle 0 0 609 1 0 258 0 0 4642 0 0 research 1 0 interests 0 0 energy 1 0 environment 0 0 materials 1 0 devices 0 0 sanjeev 1 1 kulkarni 0 1 professor 1 0 of 0 0 electrical 0 0 engineering 0 0 dean 1 0 of 0 0 the 0 0 faculty 0 0 b310 1 0 engineering 0 0 quadrangle 0 0 609 1 0 258 0 0 6727 0 0 research 1 0 interests 0 0 information 1 0 sciences 0 0 systems 0 0 sun 1 1 yuan 0 1 kung 0 1 professor 1 0 of 0 0 electrical 0 0 engineering 0 0 b230 1 0 engineering 0 0 quadrangle 0 0 609 1 0 258 0 0 3780 0 0 research 1 0 interests 0 0 biological 1 0 biomedical 0 0 computing 1 0 networking 0 0 information 1 0 sciences 0 0 systems 0 0 ruby 1 1 lee 0 1 forrest 1 0 hamrick 0 0 professor 0 0 in 0 0 engineering 0 0 professor 1 0 of 0 0 electrical 0 0 engineering 0 0 b218 1 0 engineering 0 0 quadrangle 0 0 609 1 0 258 0 0 1426 0 0 research 1 0 interests 0 0 computing 1 0 networking 0 0 high 1 0 performance 0 0 computing 0 0 security 1 0 stephen 1 1 lyon 0 1 professor 1 0 of 0 0 electrical 0 0 engineering 0 0 b428 1 0 engineering 0 0 quadrangle 0 0 609 1 0 258 0 0 4635 0 0 research 1 0 interests 0 0 applied 1 0 physics 0 0 photonics 1 0 quantum 1 0 information 0 0 sharad 1 1 malik 0 1 george 1 0 van 0 0 ness 0 0 lothrop 0 0 professor 0 0 in 0 0 engineering 0 0 professor 1 0 of 0 0 electrical 0 0 engineering 0 0 chair 1 0 department 0 0 of 0 0 electrical 0 0 engineering 0 0 b212 1 0 engineering 0 0 quadrangle 0 0 609 1 0 258 0 0 4625 0 0 research 1 0 interests 0 0 computing 1 0 networking 0 0 high 1 0 performance 0 0 computing 0 0 integrated 1 0 electronic 0 0 systems 0 0 security 1 0 prateek 1 1 mittal 0 1 assistant 1 0 professor 0 0 of 0 0 electrical 0 0 engineering 0 0 b326 1 0 engineering 0 0 quadrangle 0 0 609 1 0 258 0 0 0814 0 0 research 1 0 interests 0 0 computing 1 0 networking 0 0 high 1 0 performance 0 0 computing 0 0 information 1 0 sciences 0 0 systems 0 0 security 1 0 vincent 1 1 poor 0 1 michael 1 0 henry 0 0 strater 0 0 university 0 0 professor 0 0 of 0 0 electrical 0 0 engineering 0 0 b330 1 0 engineering 0 0 quadrangle 0 0 609 1 0 258 0 0 1816 0 0 research 1 0 interests 0 0 computing 1 0 networking 0 0 energy 1 0 environment 0 0 information 1 0 sciences 0 0 systems 0 0 security 1 0 paul 1 1 prucnal 0 1 professor 1 0 of 0 0 electrical 0 0 engineering 0 0 b314 1 0 engineering 0 0 quadrangle 0 0 609 1 0 258 0 0 5549 0 0 research 1 0 interests 0 0 applied 1 0 physics 0 0 materials 1 0 devices 0 0 photonics 1 0 security 1 0 peter 1 1 ramadge 0 1 gordon 1 0 wu 0 0 professor 0 0 of 0 0 engineering 0 0 professor 1 0 of 0 0 electrical 0 0 engineering 0 0 director 1 0 of 0 0 the 0 0 center 0 0 for 0 0 statistics 0 0 and 0 0 machine 0 0 learning 0 0 b222 1 0 engineering 0 0 quadrangle 0 0 609 1 0 258 0 0 4645 0 0 research 1 0 interests 0 0 biological 1 0 biomedical 0 0 information 1 0 sciences 0 0 systems 0 0 barry 1 1 rand 0 1 assistant 1 0 professor 0 0 of 0 0 electrical 0 0 engineering 0 0 andlinger 1 0 center 0 0 for 0 0 energy 0 0 and 0 0 the 0 0 environment 0 0 b414 1 0 engineering 0 0 quadrangle 0 0 609 1 0 258 0 0 7692 0 0 research 1 0 interests 0 0 applied 1 0 physics 0 0 energy 1 0 environment 0 0 materials 1 0 devices 0 0 nanotechnologies 1 0 alejandro 1 1 rodriguez 0 1 assistant 1 0 professor 0 0 of 0 0 electrical 0 0 engineering 0 0 b318 1 0 engineering 0 0 quadrangle 0 0 609 1 0 258 0 0 8962 0 0 research 1 0 interests 0 0 applied 1 0 physics 0 0 materials 1 0 devices 0 0 photonics 1 0 kaushik 1 1 sengupta 0 1 assistant 1 0 professor 0 0 of 0 0 electrical 0 0 engineering 0 0 b216 1 0 engineering 0 0 quadrangle 0 0 609 1 0 258 0 0 5250 0 0 research 1 0 interests 0 0 biological 1 0 biomedical 0 0 integrated 1 0 electronic 0 0 systems 0 0 mansour 1 1 shayegan 0 1 professor 1 0 of 0 0 electrical 0 0 engineering 0 0 b408 1 0 engineering 0 0 quadrangle 0 0 609 1 0 258 0 0 4639 0 0 research 1 0 interests 0 0 applied 1 0 physics 0 0 materials 1 0 devices 0 0 quantum 1 0 information 0 0 james 1 1 sturm 0 1 stephen 1 1 forrest 0 1 professor 0 0 of 0 0 electrical 0 0 engineering 0 0 professor 1 0 of 0 0 electrical 0 0 engineering 0 0 undergraduate 1 0 department 0 0 representative 0 0 b410 1 0 engineering 0 0 quadrangle 0 0 609 1 0 258 0 0 5610 0 0 research 1 0 interests 0 0 biological 1 0 biomedical 0 0 energy 1 0 environment 0 0 materials 1 0 devices 0 0 nanotechnologies 1 0 jeff 1 1 thompson 0 1 assistant 1 0 professor 0 0 of 0 0 electrical 0 0 engineering 0 0 b303 1 0 engineering 0 0 quadrangle 0 0 609 1 0 258 0 0 6124 0 0 research 1 0 interests 0 0 applied 1 0 physics 0 0 photonics 1 0 quantum 1 0 information 0 0 hakan 1 1 tureci 0 1 assistant 1 0 professor 0 0 of 0 0 electrical 0 0 engineering 0 0 b312 1 0 engineering 0 0 quadrangle 0 0 609 1 0 258 0 0 1993 0 0 research 1 0 interests 0 0 applied 1 0 physics 0 0 photonics 1 0 quantum 1 0 information 0 0 sergio 1 1 verdu 0 1 eugene 1 0 higgins 0 0 professor 0 0 of 0 0 electrical 0 0 engineering 0 0 b308 1 0 engineering 0 0 quadrangle 0 0 609 1 0 258 0 0 5315 0 0 research 1 0 interests 0 0 information 1 0 sciences 0 0 systems 0 0 naveen 1 1 verma 0 1 associate 1 0 professor 0 0 of 0 0 electrical 0 0 engineering 0 0 director 1 0 of 0 0 graduate 0 0 studies 0 0 b226 1 0 engineering 0 0 quadrangle 0 0 609 1 0 258 0 0 1424 0 0 research 1 0 interests 0 0 biological 1 0 biomedical 0 0 computing 1 0 networking 0 0 high 1 0 performance 0 0 computing 0 0 integrated 1 0 electronic 0 0 systems 0 0 david 1 1 wentzlaff 0 1 assistant 1 0 professor 0 0 of 0 0 electrical 0 0 engineering 0 0 b228 1 0 engineering 0 0 quadrangle 0 0 609 1 0 258 0 0 7781 0 0 research 1 0 interests 0 0 computing 1 0 networking 0 0 energy 1 0 environment 0 0 high 1 0 performance 0 0 computing 0 0 gerard 1 1 wysocki 0 1 associate 1 0 professor 0 0 of 0 0 electrical 0 0 engineering 0 0 b324 1 0 engineering 0 0 quadrangle 0 0 609 1 0 258 0 0 8187 0 0 research 1 0 interests 0 0 applied 1 0 physics 0 0 biological 1 0 biomedical 0 0 energy 1 0 environment 0 0 photonics 1 0 senior 1 0 research 0 0 scholar 0 0 loren 1 1 pfeiffer 0 1 senior 1 0 research 0 0 scholar 0 0 electrical 0 0 engineering 0 0 b404 1 0 engineering 0 0 quadrangle 0 0 609 1 0 258 0 0 2590 0 0 associated 1 0 faculty 0 0 craig 1 1 arnold 0 1 professor 1 0 of 0 0 mechanical 0 0 and 0 0 aerospace 0 0 engineering 0 0 director 1 0 princenton 0 0 institute 0 0 for 0 0 the 0 0 science 0 0 and 0 0 technology 0 0 of 0 0 materials 0 0 d410 1 0 engineering 0 0 quadrangle 0 0 609 1 0 258 0 0 0250 0 0 david 1 1 august 0 1 professor 1 0 of 0 0 computer 0 0 science 0 0 209 1 0 computer 0 0 science 0 0 building 0 0 609 1 0 258 0 0 2084 0 0 kai 1 1 li 0 1 paul 1 0 and 0 0 marcia 0 0 wythes 0 0 professor 0 0 in 0 0 computer 0 0 science 0 0 321 1 0 computer 0 0 science 0 0 building 0 0 609 1 0 258 0 0 4637 0 0 lynn 1 1 loo 0 1 theodora 1 0 78 0 0 and 0 0 william 0 0 walton 0 0 iii 0 0 74 0 0 professor 0 0 in 0 0 engineering 0 0 professor 1 0 of 0 0 chemical 0 0 and 0 0 biological 0 0 engineering 0 0 director 1 0 andlinger 0 0 center 0 0 for 0 0 energy 0 0 and 0 0 the 0 0 environment 0 0 a323 1 0 engineering 0 0 quadrangle 0 0 609 1 0 258 0 0 9091 0 0 margaret 1 1 martonosi 0 1 hugh 1 0 trumbull 0 0 adams 0 0 35 0 0 professor 0 0 of 0 0 computer 0 0 science 0 0 professor 1 0 of 0 0 computer 0 0 science 0 0 204 1 0 computer 0 0 science 0 0 building 0 0 609 1 0 258 0 0 1912 0 0 jason 1 1 petta 0 1 professor 1 0 of 0 0 physics 0 0 305 1 0 jadwin 0 0 hall 0 0 609 1 0 258 0 0 1173 0 0 warren 1 1 powell 0 1 professor 1 0 of 0 0 operations 0 0 research 0 0 and 0 0 financial 0 0 engineering 0 0 director 1 0 program 0 0 in 0 0 engineering 0 0 and 0 0 management 0 0 systems 0 0 230 1 0 sherrerd 0 0 hall 0 0 609 1 0 258 0 0 5373 0 0 jennifer 1 1 rexford 0 1 gordon 1 0 wu 0 0 professor 0 0 of 0 0 engineering 0 0 professor 1 0 of 0 0 computer 0 0 science 0 0 chair 1 0 computer 0 0 science 0 0 department 0 0 306 1 0 computer 0 0 science 0 0 building 0 0 609 1 0 258 0 0 5182 0 0 visiting 1 0 faculty 0 0 gayan 1 1 aruma 0 1 baduge 0 1 visiting 1 0 research 0 0 collaborator 0 0 assistant 1 0 professor 0 0 southern 0 0 illinois 0 0 university 0 0 mung 1 1 chiang 0 1 visiting 1 0 research 0 0 scholar 0 0 dean 1 0 of 0 0 engineering 0 0 purdue 0 0 university 0 0 zhiguo 1 1 ding 0 1 visiting 1 0 research 0 0 collaborator 0 0 associate 1 0 professor 0 0 newcastle 0 0 university 0 0 tariq 1 1 durrani 0 1 visiting 1 0 research 0 0 collaborator 0 0 research 1 0 professor 0 0 center 0 0 for 0 0 excellence 0 0 for 0 0 signal 0 0 processing 0 0 jose 1 1 inaki 0 1 esnaola 0 1 visiting 1 0 research 0 0 collaborator 0 0 lecturer 1 0 university 0 0 of 0 0 sheffield 0 0 sriram 1 1 ganeshan 0 1 visiting 1 0 research 0 0 collaborator 0 0 research 1 0 assistant 0 0 professor 0 0 simons 0 0 center 0 0 of 0 0 geometry 0 0 and 0 0 physics 0 0 c319g 1 0 engineering 0 0 quadrangle 0 0 visa 1 1 koivunen 0 1 visiting 1 0 research 0 0 collaborator 0 0 academy 1 0 professor 0 0 aalto 0 0 university 0 0 mehul 1 1 motani 0 1 visiting 1 0 research 0 0 collaborator 0 0 associate 1 0 professor 0 0 national 0 0 university 0 0 of 0 0 singapore 0 0 erdal 1 1 panayirci 0 1 visiting 1 0 research 0 0 scholar 0 0 professor 1 0 and 0 0 department 0 0 head 0 0 kadir 0 0 has 0 0 university 0 0 turkey 0 0 b307 1 0 engineering 0 0 quadrangle 0 0 609 1 0 258 0 0 3582 0 0 athina 1 1 petropulu 0 1 visiting 1 0 research 0 0 collaborator 0 0 professor 1 0 electrical 0 0 computer 0 0 engineering 0 0 department 0 0 rutgers 0 0 rafael 1 1 schaefer 0 1 visiting 1 0 research 0 0 collaborator 0 0 junior 1 0 professor 0 0 technische 0 0 universitat 0 0 berlin 0 0 shlomo 1 1 shamai 0 1 shitz 0 1 visiting 1 0 research 0 0 collaborator 0 0 william 1 0 fondiller 0 0 chair 0 0 in 0 0 telecommunications 0 0 department 0 0 of 0 0 electrical 0 0 engineering 0 0 technion 0 0 israel 0 0 institute 0 0 of 0 0 technology 0 0 engineering 1 0 quadrangle 0 0 takao 1 1 someya 0 1 visiting 1 0 research 0 0 scholar 0 0 professor 1 0 department 0 0 of 0 0 eelctrical 0 0 and 0 0 electronic 0 0 engineering 0 0 schoool 0 0 of 0 0 engineering 0 0 university 0 0 of 0 0 tokyo 0 0 sander 1 1 wahls 0 1 visiting 1 0 research 0 0 collaborator 0 0 assistant 1 0 professor 0 0 technische 0 0 universiteit 0 0 delft 0 0 yue 1 1 zhao 0 1 visiting 1 0 research 0 0 collaborator 0 0 assistant 1 0 professor 0 0 stony 0 0 brook 0 0 university 0 0 emeritus 1 0 faculty 0 0 stephen 1 1 forrest 0 1 james 1 0 mcdonnell 0 0 distinguished 0 0 university 0 0 professor 0 0 of 0 0 electrical 0 0 engineering 0 0 emeritus 0 0 hisashi 1 1 kobayashi 0 1 sherman 1 0 fairchild 0 0 university 0 0 professor 0 0 of 0 0 electrical 0 0 engineering 0 0 and 0 0 computer 0 0 science 0 0 emeritus 0 0 b323b 1 0 engineering 0 0 quadrangle 0 0 609 1 0 258 0 0 1984 0 0 bede 1 1 liu 0 1 professor 1 0 electrical 0 0 engineering 0 0 emeritus 0 0 b330 1 0 engineering 0 0 quadrangle 0 0 609 1 0 258 0 0 4628 0 0 daniel 1 1 tsui 0 1 arthur 1 0 legrand 0 0 doty 0 0 professor 0 0 of 0 0 electrical 0 0 engineering 0 0 emeritus 0 0 senior 1 0 scholar 0 0 b426 1 0 engineering 0 0 quadrangle 0 0 609 1 0 258 0 0 4621 0 0 sigurd 1 1 wagner 0 1 professor 1 0 electrical 0 0 engineering 0 0 emeritus 0 0 senior 1 0 scholar 0 0 b422 1 0 engineering 0 0 quadrangle 0 0 609 1 0 258 0 0 4631 0 0 sitemap 1 0 about 1 0 message 1 0 from 0 0 the 0 0 department 0 0 chair 0 0 contact 1 0 advisory 1 0 council 0 0 visiting 1 0 us 0 0 careers 1 0 departmental 1 0 procedures 0 0 emergency 1 0 action 0 0 plan 0 0 people 1 0 faculty 1 0 administrative 1 0 technical 1 0 graduate 1 0 students 0 0 research 1 0 staff 0 0 undergraduate 1 0 prospective 1 0 majors 0 0 why 1 0 study 0 0 electrical 0 0 engineering 0 0 curriculum 1 0 independent 1 0 research 0 0 and 0 0 thesis 0 0 abet 1 0 accreditation 0 0 undergraduate 1 0 handbook 0 0 pdf 0 0 prospective 1 0 undergraduate 0 0 handbook 0 0 pdf 0 0 highlights 1 0 alumni 1 0 showcase 0 0 graduate 1 0 graduate 1 0 admissions 0 0 handbook 1 0 pdf 0 0 highlights 1 0 alumni 1 0 showcase 0 0 courses 1 0 course 1 0 catalog 0 0 research 1 0 interdisciplinary 1 0 research 0 0 faculty 1 0 highlights 0 0 faculty 1 0 recognition 0 0 login 1 0 2013 1 0 the 0 0 trustees 0 0 of 0 0 princeton 0 0 university 0 0
