all 1 0 faculty 0 0 staff 0 0 college 0 0 of 0 0 information 0 0 and 0 0 computer 0 0 sciences 0 0 umass 0 0 amherst 0 0 skip 1 0 to 0 0 main 0 0 content 0 0 university 1 0 of 0 0 massachusetts 0 0 amherst 0 0 search 1 0 google 0 0 appliance 0 0 enter 1 0 the 0 0 terms 0 0 you 0 0 wish 0 0 to 0 0 search 0 0 for 0 0 links 1 0 to 1 0 common 0 0 umass 0 0 amherst 0 0 services 0 0 and 0 0 features 0 0 email 1 0 spire 1 0 moodle 1 0 blackboard 1 0 learn 0 0 udrive 1 0 people 1 0 finder 0 0 make 1 0 gift 0 0 college 1 0 of 0 0 information 0 0 and 0 0 computer 0 0 sciences 0 0 about 1 0 contact 1 0 us 0 0 visiting 1 0 cics 0 0 dean 1 0 office 0 0 our 1 0 history 0 0 faculty 1 0 achievements 0 0 employment 1 0 faculty 1 0 research 1 0 staff 1 0 inclusivity 1 0 statement 0 0 computing 1 0 facilities 0 0 online 1 0 services 0 0 wireless 1 0 access 0 0 awards 1 0 programs 0 0 research 1 0 research 1 0 areas 0 0 artificial 1 0 intelligence 0 0 computational 1 0 biology 0 0 and 0 0 bioinformatics 0 0 data 1 0 management 0 0 electronic 1 0 teaching 0 0 human 1 0 language 0 0 technologies 0 0 machine 1 0 learning 0 0 mobile 1 0 and 0 0 sensor 0 0 systems 0 0 networking 1 0 and 0 0 distributed 0 0 systems 0 0 robotics 1 0 computer 0 0 vision 0 0 and 0 0 graphics 0 0 security 1 0 and 0 0 privacy 0 0 software 1 0 systems 0 0 and 0 0 architecture 0 0 theoretical 1 0 computer 0 0 science 0 0 research 1 0 centers 0 0 labs 0 0 publications 1 0 future 1 0 students 0 0 why 1 0 choose 0 0 umass 0 0 degree 1 0 programs 0 0 bachelor 1 0 master 1 0 doctoral 1 0 certificate 1 0 programs 0 0 exploratory 1 0 track 0 0 program 0 0 exploratory 1 0 track 0 0 faq 0 0 undergraduate 1 0 admissions 0 0 cics 1 0 tours 0 0 transfer 1 0 students 0 0 getting 1 0 started 0 0 graduate 1 0 admissions 0 0 undergraduate 1 0 preparation 0 0 application 1 0 instructions 0 0 admissions 1 0 faq 0 0 bay 1 0 state 0 0 programs 0 0 current 1 0 students 0 0 graduate 1 0 students 0 0 life 1 0 as 0 0 graduate 0 0 student 0 0 requirements 1 0 ms 1 0 phd 0 0 requirements 0 0 ms 1 0 requirements 0 0 student 1 0 forms 0 0 academic 1 0 progress 0 0 student 1 0 accomplishments 0 0 undergraduate 1 0 students 0 0 becoming 1 0 cs 0 0 major 0 0 undergraduate 1 0 degree 0 0 program 0 0 registration 1 0 advising 0 0 scholarships 1 0 fellowships 0 0 contact 1 0 us 0 0 undergraduate 1 0 faq 0 0 academic 1 0 resources 0 0 and 0 0 student 0 0 support 0 0 courses 1 0 career 1 0 development 0 0 career 1 0 events 0 0 resource 1 0 library 0 0 staff 1 0 mission 1 0 student 1 0 organizations 0 0 senior 1 0 celebration 0 0 2017 0 0 senior 1 0 celebration 0 0 faq 0 0 people 1 0 all 1 0 faculty 0 0 staff 0 0 tenure 1 0 track 0 0 teaching 0 0 faculty 0 0 adjunct 1 0 faculty 0 0 research 1 0 scientists 0 0 fellows 0 0 emeritus 1 0 faculty 0 0 in 1 0 memoriam 0 0 staff 1 0 directory 0 0 academic 1 0 career 0 0 advising 0 0 grad 1 0 undergrad 0 0 programs 0 0 it 1 0 facilities 0 0 cscf 0 0 phd 1 0 students 0 0 graduating 1 0 phds 0 0 master 1 0 students 0 0 graduating 1 0 master 0 0 advisory 1 0 board 0 0 community 1 0 industrial 1 0 affiliates 0 0 current 1 0 members 0 0 support 1 0 cics 0 0 recent 1 0 donors 0 0 alumni 1 0 outstanding 1 0 achievement 0 0 and 0 0 advocacy 0 0 awards 0 0 outreach 1 0 programs 0 0 news 1 0 events 0 0 events 1 0 calendar 0 0 distinguished 1 0 lecturer 0 0 series 0 0 sigbits 1 0 newsletter 0 0 sigbits 1 0 back 0 0 issues 0 0 alum 1 0 matters 0 0 back 0 0 issues 0 0 home 1 0 people 1 0 all 1 0 faculty 0 0 staff 0 0 all 1 0 faculty 0 0 staff 0 0 adrion 1 1 richards 0 1 professor 1 0 emeritus 0 0 413 1 0 545 0 0 2475 0 0 a329 1 0 lgrc 0 0 albrecht 1 1 jeannie 0 1 adjunct 1 0 associate 0 0 professor 0 0 off 1 0 campus 0 0 ali 1 1 eldin 0 1 ahmed 0 1 postdoctoral 1 0 research 0 0 associate 0 0 214 1 0 cs 0 0 building 0 0 allan 1 1 james 0 1 professor 1 0 chair 0 0 of 0 0 the 0 0 faculty 0 0 413 1 0 545 0 0 2742 0 0 202 1 0 cs 0 0 building 0 0 anderson 1 1 gordon 0 1 teaching 1 0 faculty 0 0 413 1 0 545 0 0 4747 0 0 a349b 1 0 lgrc 0 0 andress 1 1 amanda 0 1 part 1 0 time 0 0 lecturer 0 0 off 1 0 campus 0 0 avrunin 1 1 george 0 1 adjunct 1 0 professor 0 0 413 1 0 545 0 0 4251 0 0 316 1 0 cs 0 0 building 0 0 baitinger 1 1 george 0 1 grants 1 0 and 0 0 contracts 0 0 coordinator 0 0 413 1 0 545 0 0 2492 0 0 100 1 0 cs 0 0 building 0 0 barrington 1 1 david 0 1 mix 0 1 professor 1 0 director 0 0 of 0 0 instructional 0 0 programs 0 0 413 1 0 545 0 0 4329 0 0 210 1 0 cs 0 0 building 0 0 barto 1 1 andrew 0 1 professor 1 0 emeritus 0 0 off 1 0 campus 0 0 berger 1 1 emery 0 1 professor 1 0 413 1 0 577 0 0 4211 0 0 344 1 0 cs 0 0 building 0 0 bergeron 1 1 deborah 0 1 grants 1 0 and 0 0 contracts 0 0 coordinator 0 0 413 1 0 545 0 0 3613 0 0 268 1 0 cs 0 0 building 0 0 berkvist 1 1 andrew 0 1 software 1 0 specialist 0 0 413 1 0 545 0 0 9674 0 0 126 1 0 cs 0 0 building 0 0 bissias 1 1 george 0 1 research 1 0 scientist 0 0 off 1 0 campus 0 0 biswas 1 1 joydeep 0 1 assistant 1 0 professor 0 0 413 1 0 545 0 0 3403 0 0 238 1 0 cs 0 0 building 0 0 boisseau 1 1 gregory 0 1 academic 1 0 advisor 0 0 413 1 0 545 0 0 4822 0 0 120 1 0 cs 0 0 building 0 0 bok 1 1 melisa 0 1 software 1 0 engineer 0 0 413 1 0 545 0 0 0650 0 0 254 1 0 cs 0 0 building 0 0 brun 1 1 yuriy 0 1 associate 1 0 professor 0 0 413 1 0 577 0 0 0233 0 0 346 1 0 cs 0 0 building 0 0 cable 1 1 marvin 0 1 part 1 0 time 0 0 lecturer 0 0 off 1 0 campus 0 0 calliham 1 1 robbie 0 1 assistant 1 0 to 0 0 the 0 0 associate 0 0 dean 0 0 of 0 0 student 0 0 affairs 0 0 413 1 0 545 0 0 4822 0 0 120 1 0 cs 0 0 building 0 0 caro 1 1 valerie 0 1 sr 1 0 software 0 0 specialist 0 0 413 1 0 545 0 0 4442 0 0 126 1 0 cs 0 0 building 0 0 cecchet 1 1 emmanuel 0 1 research 1 0 scientist 0 0 413 1 0 545 0 0 3787 0 0 216a 1 0 cs 0 0 building 0 0 chaganti 1 1 vasanta 0 1 postdoc 1 0 research 0 0 associate 0 0 224 1 0 cs 0 0 building 0 0 cheikes 1 1 brant 0 1 executive 1 0 director 0 0 center 0 0 for 0 0 data 0 0 science 0 0 413 1 0 577 0 0 0092 0 0 228 1 0 cs 0 0 building 0 0 clarke 1 1 lori 0 1 professor 1 0 emerita 0 0 413 1 0 545 0 0 1328 0 0 316a 1 0 cs 0 0 building 0 0 conboy 1 1 heather 0 1 postdoctoral 1 0 research 0 0 associate 0 0 413 1 0 545 0 0 2146 0 0 314 1 0 cs 0 0 building 0 0 connors 1 1 laurie 0 1 grants 1 0 and 0 0 contracts 0 0 coordinator 0 0 413 1 0 545 0 0 4842 0 0 300 1 0 cs 0 0 building 0 0 cook 1 1 stephen 0 1 director 1 0 of 0 0 the 0 0 computer 0 0 science 0 0 computing 0 0 facility 0 0 413 1 0 545 0 0 0508 0 0 126 1 0 cs 0 0 building 0 0 corkill 1 1 daniel 0 1 senior 1 0 research 0 0 scientist 0 0 413 1 0 545 0 0 0675 0 0 324a 1 0 cs 0 0 building 0 0 corner 1 1 mark 0 1 associate 1 0 professor 0 0 master 0 0 program 0 0 director 0 0 413 1 0 545 0 0 2744 0 0 338 1 0 cs 0 0 building 0 0 croft 1 1 bruce 0 1 distinguished 1 0 university 0 0 professor 0 0 413 1 0 545 0 0 0463 0 0 370 1 0 cs 0 0 building 0 0 davis 1 1 tiffany 0 1 advancement 1 0 assistant 0 0 413 1 0 545 0 0 4230 0 0 311 1 0 cs 0 0 building 0 0 diao 1 1 yanlei 0 1 associate 1 0 professor 0 0 413 1 0 545 0 0 1135 0 0 dickson 1 1 paul 0 1 adjunct 1 0 assistant 0 0 professor 0 0 off 1 0 campus 0 0 domke 1 1 justin 0 1 assistant 1 0 professor 0 0 413 1 0 545 0 0 3241 0 0 208 1 0 cs 0 0 building 0 0 downey 1 1 laurie 0 1 grants 1 0 and 0 0 contracts 0 0 coordinator 0 0 545 1 0 2746 0 0 dunton 1 1 sarah 0 1 alliance 1 0 manager 0 0 expanding 0 0 computing 0 0 education 0 0 pathways 0 0 413 1 0 577 0 0 0393 0 0 a327 1 0 lgrc 0 0 fahey 1 1 darlene 0 1 undergraduate 1 0 program 0 0 manager 0 0 413 1 0 545 0 0 2459 0 0 100 1 0 cs 0 0 building 0 0 falcetti 1 1 donna 0 1 director 1 0 of 0 0 administration 0 0 finance 0 0 413 1 0 545 0 0 3445 0 0 100 1 0 cs 0 0 building 0 0 fall 1 1 renee 0 1 project 1 0 manager 0 0 413 1 0 577 0 0 4431 0 0 a325 1 0 lgrc 0 0 fill 1 1 jessica 0 1 personnel 1 0 officer 0 0 413 1 0 545 0 0 2319 0 0 102 1 0 cs 0 0 building 0 0 fisher 1 1 david 0 1 sr 1 0 software 0 0 engineer 0 0 413 1 0 545 0 0 4852 0 0 362 1 0 cs 0 0 building 0 0 fontes 1 1 nancy 0 1 clerk 1 0 cyber 0 0 security 0 0 center 0 0 for 0 0 data 0 0 science 0 0 413 1 0 545 0 0 3024 0 0 320 1 0 cs 0 0 building 0 0 foster 1 1 james 0 1 technical 1 0 assistant 0 0 413 1 0 545 0 0 4294 0 0 126 1 0 cs 0 0 building 0 0 foulkes 1 1 andrea 0 1 adjunct 1 0 associate 0 0 professor 0 0 413 1 0 545 0 0 1881 0 0 arnold 1 0 house 0 0 fountain 1 1 jane 0 1 adjunct 1 0 professor 0 0 413 1 0 545 0 0 1007 0 0 414 1 0 thompson 0 0 hall 0 0 ganesan 1 1 deepak 0 1 professor 1 0 413 1 0 545 0 0 2450 0 0 272 1 0 cs 0 0 building 0 0 gill 1 1 phillipa 0 1 assistant 1 0 professor 0 0 413 1 0 545 0 0 3217 0 0 232 1 0 cs 0 0 building 0 0 gong 1 1 weibo 0 1 adjunct 1 0 professor 0 0 413 1 0 545 0 0 0384 0 0 ece 1 0 graham 1 1 robert 0 1 professor 1 0 emeritus 0 0 off 1 0 campus 0 0 grinstein 1 1 georges 0 1 research 1 0 professor 0 0 508 1 0 331 0 0 8161 0 0 353a 1 0 lgrc 0 0 grupen 1 1 roderic 0 1 professor 1 0 413 1 0 545 0 0 3280 0 0 a337 1 0 lgrc 0 0 guha 1 1 arjun 0 1 assistant 1 0 professor 0 0 413 1 0 545 0 0 2447 0 0 230 1 0 cs 0 0 building 0 0 gummeson 1 1 jeremy 0 1 senior 1 0 research 0 0 fellow 0 0 224a 1 0 cs 0 0 building 0 0 haas 1 1 laura 0 1 dean 1 0 413 1 0 545 0 0 2572 0 0 122 1 0 cs 0 0 building 0 0 haas 1 1 peter 0 1 professor 1 0 413 1 0 545 0 0 3140 0 0 204 1 0 cs 0 0 building 0 0 hanson 1 1 allen 0 1 professor 1 0 emeritus 0 0 413 1 0 545 0 0 3442 0 0 a359 1 0 lgrc 0 0 harding 1 1 stephen 0 1 sr 1 0 software 0 0 engineer 0 0 413 1 0 545 0 0 9788 0 0 360 1 0 cs 0 0 building 0 0 hartley 1 1 patience 0 1 administrative 1 0 assistant 0 0 it 0 0 minor 0 0 413 1 0 545 0 0 6242 0 0 454 1 0 fine 0 0 arts 0 0 center 0 0 hazan 1 1 hananel 0 1 postdoctoral 1 0 research 0 0 associate 0 0 356 1 0 cs 0 0 building 0 0 hosking 1 1 antony 0 1 adjunct 1 0 professor 0 0 off 1 0 campus 0 0 houmansadr 1 1 amir 0 1 assistant 1 0 professor 0 0 413 1 0 577 0 0 2580 0 0 206 1 0 cs 0 0 building 0 0 hudlicka 1 1 eva 0 1 part 1 0 time 0 0 lecturer 0 0 413 1 0 577 0 0 2127 0 0 a343 1 0 lgrc 0 0 immerman 1 1 neil 0 1 professor 1 0 413 1 0 545 0 0 1862 0 0 374 1 0 cs 0 0 building 0 0 irwin 1 1 david 0 1 adjunct 1 0 assistant 0 0 professor 0 0 413 1 0 545 0 0 5822 0 0 211d 1 0 keb 0 0 iyyer 1 1 mohit 0 1 assistant 1 0 professor 0 0 starting 0 0 18 0 0 jensen 1 1 david 0 1 professor 1 0 413 1 0 545 0 0 9677 0 0 308 1 0 cs 0 0 building 0 0 jiang 1 1 bo 0 1 postdoctoral 1 0 research 0 0 associate 0 0 216 1 0 cs 0 0 building 0 0 johnson 1 1 brittany 0 1 postdoctoral 1 0 research 0 0 associate 0 0 413 1 0 461 0 0 0373 0 0 316 1 0 cs 0 0 building 0 0 joyce 1 1 jean 0 1 administrative 1 0 director 0 0 center 0 0 for 0 0 intelligent 0 0 information 0 0 retrieval 0 0 413 1 0 545 0 0 6310 0 0 364a 1 0 cs 0 0 building 0 0 joyner 1 1 tommie 0 1 assistant 1 0 director 0 0 of 0 0 career 0 0 planning 0 0 413 1 0 545 0 0 4822 0 0 120 1 0 cs 0 0 building 0 0 just 1 1 rene 0 1 assistant 1 0 professor 0 0 413 1 0 545 0 0 0379 0 0 358 1 0 cs 0 0 building 0 0 kalogerakis 1 1 evangelos 0 1 assistant 1 0 professor 0 0 413 1 0 545 0 0 1952 0 0 250 1 0 cs 0 0 building 0 0 kantor 1 1 erez 0 1 senior 1 0 research 0 0 fellow 0 0 323 1 0 lgrc 0 0 kaplan 1 1 scott 0 1 adjunct 1 0 professor 0 0 off 1 0 campus 0 0 kellogg 1 1 terrie 0 1 software 1 0 specialist 0 0 413 1 0 545 0 0 0523 0 0 126 1 0 cs 0 0 building 0 0 kermani 1 1 parviz 0 1 part 1 0 time 0 0 lecturer 0 0 a333 1 0 lgrc 0 0 korpiewski 1 1 david 0 1 software 1 0 specialist 0 0 413 1 0 545 0 0 4319 0 0 126 1 0 cs 0 0 building 0 0 kozma 1 1 robert 0 1 visiting 1 0 professor 0 0 413 1 0 577 0 0 4282 0 0 276 1 0 cs 0 0 building 0 0 krishnamurthy 1 1 akshay 0 1 assistant 1 0 professor 0 0 413 1 0 545 0 0 3216 0 0 258 1 0 cs 0 0 building 0 0 krusell 1 1 brian 0 1 director 1 0 of 0 0 career 0 0 development 0 0 413 1 0 545 0 0 8713 0 0 360 1 0 cs 0 0 building 0 0 kulp 1 1 david 0 1 adjunct 1 0 assistant 0 0 professor 0 0 off 1 0 campus 0 0 kurose 1 1 james 0 1 distinguished 1 0 professor 0 0 413 1 0 545 0 0 1585 0 0 376 1 0 cs 0 0 building 0 0 laflamme 1 1 tara 0 1 undergraduate 1 0 program 0 0 assistant 0 0 413 1 0 545 0 0 0720 0 0 100 1 0 cs 0 0 building 0 0 lavery 1 1 rachel 0 1 grants 1 0 and 0 0 contracts 0 0 coordinator 0 0 413 1 0 545 0 0 3067 0 0 340 1 0 cs 0 0 building 0 0 learned 1 1 miller 0 1 erik 0 1 professor 1 0 413 1 0 545 0 0 2993 0 0 248 1 0 cs 0 0 building 0 0 leclerc 1 1 leeanne 0 1 graduate 1 0 program 0 0 manager 0 0 413 1 0 545 0 0 3640 0 0 100 1 0 cs 0 0 building 0 0 lee 1 1 sunghoon 0 1 ivan 0 1 assistant 1 0 professor 0 0 413 1 0 545 0 0 3968 0 0 222 1 0 cs 0 0 building 0 0 lehnert 1 1 wendy 0 1 professor 1 0 emerita 0 0 off 1 0 campus 0 0 lesser 1 1 victor 0 1 distinguished 1 0 professor 0 0 emeritus 0 0 off 1 0 campus 0 0 levine 1 1 brian 0 1 neil 0 1 professor 1 0 413 1 0 345 0 0 5254 0 0 306 1 0 cs 0 0 building 0 0 li 1 1 jian 0 1 postdoctoral 1 0 research 0 0 associate 0 0 216 1 0 cs 0 0 building 0 0 liberatore 1 1 marc 0 1 teaching 1 0 faculty 0 0 413 1 0 545 0 0 3061 0 0 318 1 0 cs 0 0 building 0 0 loud 1 1 glenn 0 1 sr 1 0 hardware 0 0 specialist 0 0 413 1 0 545 0 0 3767 0 0 126 1 0 cs 0 0 building 0 0 lustig 1 1 matt 0 1 grants 1 0 and 0 0 contracts 0 0 coordinator 0 0 413 1 0 545 0 0 1217 0 0 240 1 0 cs 0 0 building 0 0 lynn 1 1 brian 0 1 sr 1 0 software 0 0 engineer 0 0 413 1 0 577 0 0 3807 0 0 218 1 0 cs 0 0 building 0 0 mahadevan 1 1 sridhar 0 1 professor 1 0 413 1 0 545 0 0 3140 0 0 off 1 0 campus 0 0 maji 1 1 subhransu 0 1 assistant 1 0 professor 0 0 413 1 0 577 0 0 2570 0 0 274 1 0 cs 0 0 building 0 0 mandler 1 1 pam 0 1 assistant 1 0 director 0 0 of 0 0 operations 0 0 center 0 0 for 0 0 data 0 0 science 0 0 413 1 0 545 0 0 2561 0 0 240 1 0 cs 0 0 building 0 0 manmatha 1 1 adjunct 1 0 professor 0 0 off 1 0 campus 0 0 marlin 1 1 benjamin 0 1 assistant 1 0 professor 0 0 413 1 0 545 0 0 4493 0 0 234 1 0 cs 0 0 building 0 0 marquard 1 1 jenna 0 1 adjunct 1 0 associate 0 0 professor 0 0 413 1 0 545 0 0 0646 0 0 120g 1 0 marston 0 0 marshall 1 1 david 0 1 sr 1 0 software 0 0 engineer 0 0 545 1 0 1479 0 0 mazeski 1 1 joyce 0 1 assistant 1 0 to 0 0 the 0 0 chair 0 0 of 0 0 the 0 0 faculty 0 0 413 1 0 545 0 0 2742 0 0 200 1 0 cs 0 0 building 0 0 mazumdar 1 1 arya 0 1 assistant 1 0 professor 0 0 413 1 0 545 0 0 0359 0 0 332 1 0 cs 0 0 building 0 0 mccallum 1 1 andrew 0 1 professor 1 0 413 1 0 545 0 0 1323 0 0 244 1 0 cs 0 0 building 0 0 mcgregor 1 1 andrew 0 1 associate 1 0 professor 0 0 413 1 0 545 0 0 6867 0 0 334 1 0 cs 0 0 building 0 0 meliou 1 1 alexandra 0 1 assistant 1 0 professor 0 0 413 1 0 545 0 0 3788 0 0 330 1 0 cs 0 0 building 0 0 miklau 1 1 gerome 0 1 professor 1 0 413 1 0 545 0 0 4032 0 0 304 1 0 cs 0 0 building 0 0 mitchell 1 1 gwyn 0 1 grants 1 0 and 0 0 contracts 0 0 coordinator 0 0 413 1 0 577 0 0 1888 0 0 368 1 0 cs 0 0 building 0 0 moll 1 1 robert 0 1 professor 1 0 emeritus 0 0 413 1 0 545 0 0 4315 0 0 a359 1 0 lgrc 0 0 moruzzi 1 1 kate 0 1 grants 1 0 and 0 0 contracts 0 0 coordinator 0 0 413 1 0 545 0 0 3415 0 0 368 1 0 cs 0 0 building 0 0 moss 1 1 eliot 0 1 professor 1 0 graduate 0 0 program 0 0 director 0 0 413 1 0 545 0 0 4206 0 0 372 1 0 cs 0 0 building 0 0 murray 1 1 thomas 0 1 research 1 0 fellow 0 0 a355 1 0 lgrc 0 0 myburgh 1 1 samantha 0 1 academic 1 0 programs 0 0 assistant 0 0 413 1 0 545 0 0 0052 0 0 100 1 0 cs 0 0 building 0 0 napoleone 1 1 anna 0 1 rita 0 1 lecturer 1 0 connor 1 1 brendan 0 1 assistant 1 0 professor 0 0 413 1 0 577 0 0 2503 0 0 348 1 0 cs 0 0 building 0 0 osterweil 1 1 leon 0 1 professor 1 0 emeritus 0 0 413 1 0 545 0 0 4228 0 0 302 1 0 cs 0 0 building 0 0 overstreet 1 1 susan 0 1 grants 1 0 and 0 0 contracts 0 0 coordinator 0 0 413 1 0 545 0 0 1309 0 0 340 1 0 cs 0 0 building 0 0 parker 1 1 daniel 0 1 sr 1 0 systems 0 0 manager 0 0 413 1 0 545 0 0 1222 0 0 362 1 0 cs 0 0 building 0 0 pon 1 1 barry 0 1 heather 0 1 adjunct 1 0 assistant 0 0 professor 0 0 off 1 0 campus 0 0 rahman 1 1 tauhidur 0 1 assistant 1 0 professor 0 0 starting 0 0 21 0 0 18 0 0 ramamritham 1 1 krithivasan 0 1 adjunct 1 0 professor 0 0 off 1 0 campus 0 0 rattigan 1 1 matthew 0 1 director 1 0 of 0 0 research 0 0 programs 0 0 cds 0 0 266 1 0 cs 0 0 building 0 0 rawat 1 1 ankit 0 1 singh 0 1 postdoctoral 1 0 research 0 0 associate 0 0 324 1 0 cs 0 0 building 0 0 rice 1 1 robert 0 1 hardware 1 0 specialist 0 0 413 1 0 545 0 0 4367 0 0 126 1 0 cs 0 0 building 0 0 richards 1 1 tim 0 1 senior 1 0 teaching 0 0 faculty 0 0 undergraduate 0 0 program 0 0 director 0 0 413 1 0 545 0 0 4704 0 0 a351a 1 0 lgrc 0 0 rietman 1 1 edward 0 1 senior 1 0 research 0 0 fellow 0 0 323 1 0 lgrc 0 0 risinger 1 1 erik 0 1 research 1 0 fellow 0 0 224 1 0 cs 0 0 building 0 0 rissland 1 1 edwina 0 1 professor 1 0 emerita 0 0 off 1 0 campus 0 0 roberts 1 1 michele 0 1 grants 1 0 and 0 0 contracts 0 0 coordinator 0 0 413 1 0 545 0 0 4389 0 0 rooshenas 1 1 amirmohammad 0 1 research 1 0 fellow 0 0 264a 1 0 cs 0 0 building 0 0 rosenberg 1 1 arnold 0 1 distinguished 1 0 university 0 0 professor 0 0 emeritus 0 0 off 1 0 campus 0 0 roux 1 1 deanna 0 1 communications 1 0 coordinator 0 0 expanding 0 0 computing 0 0 education 0 0 pathways 0 0 413 1 0 545 0 0 2013 0 0 a327 1 0 lgrc 0 0 rupp 1 1 victoria 0 1 assistant 1 0 to 0 0 the 0 0 dean 0 0 413 1 0 545 0 0 2572 0 0 120 1 0 cs 0 0 building 0 0 sacco 1 1 karren 0 1 grants 1 0 and 0 0 contracts 0 0 coordinator 0 0 413 1 0 577 0 0 0292 0 0 300 1 0 cs 0 0 building 0 0 saha 1 1 barna 0 1 assistant 1 0 professor 0 0 413 1 0 577 0 0 2510 0 0 336 1 0 cs 0 0 building 0 0 saunders 1 1 adam 0 1 software 1 0 engineer 0 0 413 1 0 545 0 0 0650 0 0 256 1 0 cs 0 0 building 0 0 scott 1 1 priscilla 0 1 grants 1 0 and 0 0 contracts 0 0 coordinator 0 0 413 1 0 545 0 0 3733 0 0 320 1 0 cs 0 0 building 0 0 serafini 1 1 marco 0 1 assistant 1 0 professor 0 0 starting 0 0 21 0 0 18 0 0 360 1 0 cs 0 0 building 0 0 shaw 1 1 kerry 0 1 director 1 0 of 0 0 external 0 0 relations 0 0 communications 0 0 413 1 0 545 0 0 4878 0 0 312 1 0 cs 0 0 building 0 0 sheldon 1 1 dan 0 1 assistant 1 0 professor 0 0 413 1 0 545 0 0 4843 0 0 246 1 0 cs 0 0 building 0 0 shenoy 1 1 prashant 0 1 professor 1 0 associate 0 0 dean 0 0 of 0 0 computing 0 0 and 0 0 facilities 0 0 413 1 0 577 0 0 0850 0 0 302 1 0 cs 0 0 building 0 0 siegelmann 1 1 hava 0 1 professor 1 0 413 1 0 545 0 0 4315 0 0 276 1 0 cs 0 0 building 0 0 sihvonen 1 1 binder 0 1 paul 0 1 software 1 0 specialist 0 0 413 1 0 545 0 0 4317 0 0 126 1 0 cs 0 0 building 0 0 sitaraman 1 1 ramesh 0 1 professor 1 0 413 1 0 545 0 0 3279 0 0 310 1 0 cs 0 0 building 0 0 smaragdakis 1 1 yannis 0 1 adjunct 1 0 associate 0 0 professor 0 0 off 1 0 campus 0 0 smith 1 1 david 0 1 adjunct 1 0 assistant 0 0 professor 0 0 617 1 0 373 0 0 8526 0 0 off 1 0 campus 0 0 sondheimer 1 1 norman 0 1 adjunct 1 0 research 0 0 assistant 0 0 professor 0 0 860 1 0 539 0 0 9335 0 0 off 1 0 campus 0 0 spector 1 1 lee 0 1 adjunct 1 0 professor 0 0 off 1 0 campus 0 0 spector 1 1 michael 0 1 software 1 0 engineer 0 0 413 1 0 545 0 0 2744 0 0 264 1 0 cs 0 0 building 0 0 sproull 1 1 bob 0 1 adjunct 1 0 professor 0 0 off 1 0 campus 0 0 stowell 1 1 glenn 0 1 ciir 1 0 business 0 0 manager 0 0 413 1 0 545 0 0 3531 0 0 352 1 0 cs 0 0 building 0 0 streinu 1 1 ileana 0 1 adjunct 1 0 professor 0 0 off 1 0 campus 0 0 stubbs 1 1 julie 0 1 director 1 0 of 0 0 development 0 0 413 1 0 545 0 0 1220 0 0 212 1 0 cs 0 0 building 0 0 sutherland 1 1 barbara 0 1 administrative 1 0 assistant 0 0 413 1 0 545 0 0 3286 0 0 100 1 0 cs 0 0 building 0 0 swelko 1 1 christine 0 1 regional 1 0 project 0 0 coordinator 0 0 mecsp 0 0 413 1 0 545 0 0 2744 0 0 thomas 1 1 philip 0 1 assistant 1 0 professor 0 0 262 1 0 cs 0 0 building 0 0 thota 1 1 neena 0 1 teaching 1 0 faculty 0 0 413 1 0 545 0 0 4595 0 0 a353b 1 0 lgrc 0 0 towsley 1 1 donald 0 1 distinguished 1 0 university 0 0 professor 0 0 413 1 0 545 0 0 0207 0 0 378 1 0 cs 0 0 building 0 0 trim 1 1 michelle 0 1 teaching 1 0 faculty 0 0 413 1 0 545 0 0 4450 0 0 a347 1 0 lgrc 0 0 venkataramani 1 1 arun 0 1 associate 1 0 professor 0 0 413 1 0 545 0 0 3651 0 0 236 1 0 cs 0 0 building 0 0 verts 1 1 william 0 1 senior 1 0 teaching 0 0 faculty 0 0 413 1 0 545 0 0 1719 0 0 a357 1 0 lgrc 0 0 wallach 1 1 hanna 0 1 adjunct 1 0 associate 0 0 professor 0 0 off 1 0 campus 0 0 wang 1 1 rui 0 1 associate 1 0 professor 0 0 413 1 0 545 0 0 3147 0 0 270 1 0 cs 0 0 building 0 0 weems 1 1 charles 0 1 associate 1 0 professor 0 0 413 1 0 545 0 0 3163 0 0 342 1 0 cs 0 0 building 0 0 westbrook 1 1 david 0 1 senior 1 0 research 0 0 fellow 0 0 224a 1 0 cs 0 0 building 0 0 wileden 1 1 jack 0 1 professor 1 0 associate 0 0 dean 0 0 of 0 0 student 0 0 affairs 0 0 413 1 0 545 0 0 0289 0 0 242 1 0 cs 0 0 building 0 0 woolf 1 1 beverly 0 1 research 1 0 professor 0 0 413 1 0 545 0 0 4265 0 0 a355 1 0 lgrc 0 0 xiong 1 1 jie 0 1 assistant 1 0 professor 0 0 starting 0 0 21 0 0 18 0 0 yovina 1 1 lynn 0 1 administrative 1 0 assistant 0 0 center 0 0 for 0 0 data 0 0 science 0 0 413 1 0 545 0 0 3175 0 0 240 1 0 cs 0 0 building 0 0 yu 1 1 hong 0 1 adjunct 1 0 professor 0 0 off 1 0 campus 0 0 zarozinski 1 1 michael 0 1 sr 1 0 software 0 0 engineer 0 0 413 1 0 545 0 0 3059 0 0 360 1 0 cs 0 0 building 0 0 zhang 1 1 yongfeng 0 1 postdoctoral 1 0 research 0 0 associate 0 0 364 1 0 cs 0 0 building 0 0 zilberstein 1 1 shlomo 0 1 professor 1 0 associate 0 0 dean 0 0 of 0 0 research 0 0 and 0 0 engagement 0 0 413 1 0 545 0 0 4189 0 0 278 1 0 cs 0 0 building 0 0 zink 1 1 michael 0 1 adjunct 1 0 assistant 0 0 professor 0 0 413 1 0 545 0 0 4465 0 0 113b 1 0 knowles 0 0 engineering 0 0 search 1 0 form 0 0 search 1 0 cics 0 0 people 1 0 all 1 0 faculty 0 0 staff 0 0 tenure 1 0 track 0 0 teaching 0 0 faculty 0 0 adjunct 1 0 faculty 0 0 research 1 0 scientists 0 0 fellows 0 0 emeritus 1 0 faculty 0 0 in 1 0 memoriam 0 0 staff 1 0 directory 0 0 phd 1 0 students 0 0 master 1 0 students 0 0 advisory 1 0 board 0 0 we 1 0 re 0 0 hiring 0 0 view 1 0 open 0 0 faculty 0 0 and 0 0 staff 0 0 positions 0 0 follow 1 0 us 0 0 on 1 0 social 0 0 media 0 0 subscribe 1 0 to 0 0 the 0 0 cics 0 0 enewsletter 0 0 college 1 0 of 0 0 information 0 0 and 0 0 computer 0 0 sciences 0 0 140 0 0 governors 0 0 amherst 0 0 ma 0 0 01003 0 0 413 1 0 545 0 0 2744 0 0 2017 1 0 university 1 0 of 0 0 massachusetts 0 0 amherst 0 0 site 1 0 policies 0 0 site 1 0 contact 0 0
