all 0 faculty 0 staff 0 college 0 of 0 information 0 and 0 computer 0 sciences 0 umass 0 amherst 0 skip 0 to 0 main 0 content 0 university 0 of 0 massachusetts 0 amherst 0 search 0 google 0 appliance 0 enter 0 the 0 terms 0 you 0 wish 0 to 0 search 0 for 0 links 0 to 0 common 0 umass 0 amherst 0 services 0 and 0 features 0 go 0 umass 0 email 0 spire 0 moodle 0 blackboard 0 learn 0 udrive 0 people 0 finder 0 make 0 gift 0 college 0 of 0 information 0 and 0 computer 0 sciences 0 about 0 contact 0 us 0 visiting 0 cics 0 dean 0 office 0 our 0 history 0 faculty 0 achievements 0 employment 0 faculty 0 research 0 staff 0 inclusivity 0 statement 0 computing 0 facilities 0 online 0 services 0 wireless 0 access 0 awards 0 programs 0 research 0 research 0 areas 0 artificial 0 intelligence 0 computational 0 biology 0 and 0 bioinformatics 0 data 0 management 0 electronic 0 teaching 0 human 0 language 0 technologies 0 machine 0 learning 0 mobile 0 and 0 sensor 0 systems 0 networking 0 and 0 distributed 0 systems 0 robotics 0 computer 0 vision 0 and 0 graphics 0 security 0 and 0 privacy 0 software 0 systems 0 and 0 architecture 0 theoretical 0 computer 0 science 0 research 0 centers 0 labs 0 publications 0 future 0 students 0 why 0 choose 0 umass 0 degree 0 programs 0 bachelor 0 master 0 doctoral 0 certificate 0 programs 0 exploratory 0 track 0 program 0 exploratory 0 track 0 faq 0 undergraduate 0 admissions 0 cics 0 tours 0 transfer 0 students 0 getting 0 started 0 graduate 0 admissions 0 undergraduate 0 preparation 0 application 0 instructions 0 admissions 0 faq 0 bay 0 state 0 programs 0 current 0 students 0 graduate 0 students 0 life 0 as 0 graduate 0 student 0 ph 0 requirements 0 ms 0 phd 0 requirements 0 ms 0 requirements 0 student 0 forms 0 academic 0 progress 0 student 0 accomplishments 0 undergraduate 0 students 0 becoming 0 cs 0 major 0 undergraduate 0 degree 0 program 0 registration 0 advising 0 scholarships 0 fellowships 0 contact 0 us 0 undergraduate 0 faq 0 academic 0 resources 0 and 0 student 0 support 0 courses 0 career 0 development 0 career 0 events 0 resource 0 library 0 staff 0 mission 0 student 0 organizations 0 senior 0 celebration 0 senior 0 celebration 0 faq 0 people 0 all 0 faculty 0 staff 0 tenure 0 track 0 teaching 0 faculty 0 adjunct 0 faculty 0 research 0 scientists 0 fellows 0 emeritus 0 faculty 0 in 0 memoriam 0 staff 0 directory 0 academic 0 career 0 advising 0 grad 0 undergrad 0 programs 0 it 0 facilities 0 cscf 0 phd 0 students 0 graduating 0 phds 0 master 0 students 0 graduating 0 master 0 advisory 0 board 0 community 0 industrial 0 affiliates 0 current 0 members 0 support 0 cics 0 recent 0 donors 0 alumni 0 outstanding 0 achievement 0 and 0 advocacy 0 awards 0 outreach 0 programs 0 news 0 events 0 events 0 calendar 0 distinguished 0 lecturer 0 series 0 sigbits 0 newsletter 0 sigbits 0 back 0 issues 0 alum 0 matters 0 back 0 issues 0 home 0 people 0 all 0 faculty 0 staff 0 all 0 faculty 0 staff 0 adrion 1 richards 1 professor 0 emeritus 0 adrion 0 cs 0 umass 0 edu 0 lgrc 0 albrecht 1 jeannie 1 adjunct 0 associate 0 professor 0 jeannie 0 cs 0 williams 0 edu 0 off 0 campus 0 ali 1 eldin 1 ahmed 1 postdoctoral 0 research 0 associate 0 ahmeda 0 cs 0 umass 0 edu 0 cs 0 building 0 allan 1 james 1 professor 0 chair 0 of 0 the 0 faculty 0 allan 0 cs 0 umass 0 edu 0 cs 0 building 0 anderson 1 gordon 1 teaching 0 faculty 0 gordon 0 cs 0 umass 0 edu 0 lgrc 0 andress 1 amanda 1 part 0 time 0 lecturer 0 mandress 0 cs 0 umass 0 edu 0 off 0 campus 0 avrunin 1 george 1 adjunct 0 professor 0 avrunin 0 cs 0 umass 0 edu 0 cs 0 building 0 baitinger 1 george 1 grants 0 and 0 contracts 0 coordinator 0 gbaitinger 0 cs 0 umass 0 edu 0 cs 0 building 0 barrington 1 david 1 mix 1 professor 0 director 0 of 0 instructional 0 programs 0 barring 0 cs 0 umass 0 edu 0 cs 0 building 0 barto 1 andrew 1 professor 0 emeritus 0 barto 0 cs 0 umass 0 edu 0 off 0 campus 0 berger 1 emery 1 professor 0 emery 0 cs 0 umass 0 edu 0 cs 0 building 0 bergeron 1 deborah 1 grants 0 and 0 contracts 0 coordinator 0 bergeron 0 cs 0 umass 0 edu 0 cs 0 building 0 berkvist 1 andrew 1 software 0 specialist 0 berkvist 0 cs 0 umass 0 edu 0 cs 0 building 0 bissias 1 george 1 research 0 scientist 0 gbiss 0 cs 0 umass 0 edu 0 off 0 campus 0 biswas 1 joydeep 1 assistant 0 professor 0 joydeepb 0 cs 0 umass 0 edu 0 cs 0 building 0 boisseau 1 gregory 1 academic 0 advisor 0 gregb 0 cs 0 umass 0 edu 0 cs 0 building 0 bok 1 melisa 1 software 0 engineer 0 mbok 0 cs 0 umass 0 edu 0 cs 0 building 0 brun 1 yuriy 1 associate 0 professor 0 brun 0 cs 0 umass 0 edu 0 cs 0 building 0 cable 1 marvin 1 part 0 time 0 lecturer 0 mcable 0 cs 0 umass 0 edu 0 off 0 campus 0 calliham 1 robbie 1 assistant 0 to 0 the 0 associate 0 dean 0 of 0 student 0 affairs 0 calliham 0 cs 0 umass 0 edu 0 cs 0 building 0 caro 1 valerie 1 sr 0 software 0 specialist 0 valerie 0 cs 0 umass 0 edu 0 cs 0 building 0 cecchet 1 emmanuel 1 research 0 scientist 0 cecchet 0 cs 0 umass 0 edu 0 cs 0 building 0 chaganti 1 vasanta 1 postdoc 0 research 0 associate 0 vchaganti 0 cs 0 umass 0 edu 0 cs 0 building 0 cheikes 1 brant 1 executive 0 director 0 center 0 for 0 data 0 science 0 bcheikes 0 cs 0 umass 0 edu 0 cs 0 building 0 clarke 1 lori 1 professor 0 emerita 0 clarke 0 cs 0 umass 0 edu 0 cs 0 building 0 conboy 1 heather 1 postdoctoral 0 research 0 associate 0 hconboy 0 cs 0 umass 0 edu 0 cs 0 building 0 connors 1 laurie 1 grants 0 and 0 contracts 0 coordinator 0 connors 0 cs 0 umass 0 edu 0 cs 0 building 0 cook 1 stephen 1 director 0 of 0 the 0 computer 0 science 0 computing 0 facility 0 steve 0 cs 0 umass 0 edu 0 cs 0 building 0 corkill 1 daniel 1 senior 0 research 0 scientist 0 corkill 0 cs 0 umass 0 edu 0 cs 0 building 0 corner 1 mark 1 associate 0 professor 0 master 0 program 0 director 0 mcorner 0 cs 0 umass 0 edu 0 cs 0 building 0 croft 1 bruce 1 distinguished 0 university 0 professor 0 croft 0 cs 0 umass 0 edu 0 cs 0 building 0 davis 1 tiffany 1 advancement 0 assistant 0 tdavis 0 cics 0 umass 0 edu 0 cs 0 building 0 diao 1 yanlei 1 associate 0 professor 0 yanlei 0 cs 0 umass 0 edu 0 dickson 1 paul 1 adjunct 0 assistant 0 professor 0 pdickson 0 ithaca 0 edu 0 off 0 campus 0 domke 1 justin 1 assistant 0 professor 0 domke 0 cs 0 umass 0 edu 0 cs 0 building 0 downey 1 laurie 1 grants 0 and 0 contracts 0 coordinator 0 laurie 0 cs 0 umass 0 edu 0 dunton 1 sarah 1 alliance 0 manager 0 expanding 0 computing 0 education 0 pathways 0 sdunton 0 cs 0 umass 0 edu 0 lgrc 0 fahey 1 darlene 1 undergraduate 0 program 0 manager 0 fahey 0 cs 0 umass 0 edu 0 cs 0 building 0 falcetti 1 donna 1 director 0 of 0 administration 0 finance 0 dfalcetti 0 cs 0 umass 0 edu 0 cs 0 building 0 fall 1 renee 1 project 0 manager 0 rfall 0 cs 0 umass 0 edu 0 lgrc 0 fill 1 jessica 1 personnel 0 officer 0 jfill 0 cs 0 umass 0 edu 0 cs 0 building 0 fisher 1 david 1 sr 0 software 0 engineer 0 dfisher 0 cs 0 umass 0 edu 0 cs 0 building 0 fontes 1 nancy 1 clerk 0 cyber 0 security 0 center 0 for 0 data 0 science 0 nfontes 0 cs 0 umass 0 edu 0 cs 0 building 0 foster 1 james 1 technical 0 assistant 0 jfoster 0 cs 0 umass 0 edu 0 cs 0 building 0 foulkes 1 andrea 1 adjunct 0 associate 0 professor 0 foulkes 0 schoolph 0 umass 0 edu 0 arnold 0 house 0 fountain 1 jane 1 adjunct 0 professor 0 fountain 0 polsci 0 umass 0 edu 0 thompson 0 hall 0 ganesan 1 deepak 1 professor 0 dganesan 0 cs 0 umass 0 edu 0 cs 0 building 0 gill 1 phillipa 1 assistant 0 professor 0 phillipa 0 cs 0 umass 0 edu 0 cs 0 building 0 gong 1 weibo 1 adjunct 0 professor 0 gong 0 cs 0 umass 0 edu 0 ece 0 graham 1 robert 1 professor 0 emeritus 0 bob 0 cs 0 umass 0 edu 0 off 0 campus 0 grinstein 1 georges 1 research 0 professor 0 ggrinstein 0 cs 0 umass 0 edu 0 lgrc 0 grupen 1 roderic 1 professor 0 grupen 0 cs 0 umass 0 edu 0 lgrc 0 guha 1 arjun 1 assistant 0 professor 0 arjun 0 cs 0 umass 0 edu 0 cs 0 building 0 gummeson 1 jeremy 1 senior 0 research 0 fellow 0 gummeson 0 cs 0 umass 0 edu 0 cs 0 building 0 haas 1 laura 1 dean 0 lmhaas 0 cics 0 umass 0 edu 0 cs 0 building 0 haas 1 peter 1 professor 0 phaas 0 cs 0 umass 0 edu 0 cs 0 building 0 hanson 1 allen 1 professor 0 emeritus 0 hanson 0 cs 0 umass 0 edu 0 lgrc 0 harding 1 stephen 1 sr 0 software 0 engineer 0 harding 0 cs 0 umass 0 edu 0 cs 0 building 0 hartley 1 patience 1 administrative 0 assistant 0 it 0 minor 0 patience 0 cs 0 umass 0 edu 0 fine 0 arts 0 center 0 hazan 1 hananel 1 postdoctoral 0 research 0 associate 0 hhazan 0 cs 0 umass 0 edu 0 cs 0 building 0 hosking 1 antony 1 adjunct 0 professor 0 antony 0 hosking 0 anu 0 edu 0 au 0 off 0 campus 0 houmansadr 1 amir 1 assistant 0 professor 0 amir 0 cs 0 umass 0 edu 0 cs 0 building 0 hudlicka 1 eva 1 part 0 time 0 lecturer 0 hudlicka 0 cs 0 umass 0 edu 0 lgrc 0 immerman 1 neil 1 professor 0 immerman 0 cs 0 umass 0 edu 0 cs 0 building 0 irwin 1 david 1 adjunct 0 assistant 0 professor 0 irwin 0 ecs 0 umass 0 edu 0 keb 0 iyyer 1 mohit 1 assistant 0 professor 0 starting 0 jensen 1 david 1 professor 0 jensen 0 cs 0 umass 0 edu 0 cs 0 building 0 jiang 1 bo 1 postdoctoral 0 research 0 associate 0 bjiang 0 cs 0 umass 0 edu 0 cs 0 building 0 johnson 1 brittany 1 postdoctoral 0 research 0 associate 0 bjohnson 0 cs 0 umass 0 edu 0 cs 0 building 0 joyce 1 jean 1 administrative 0 director 0 center 0 for 0 intelligent 0 information 0 retrieval 0 jean 0 cs 0 umass 0 edu 0 cs 0 building 0 joyner 1 tommie 1 assistant 0 director 0 of 0 career 0 planning 0 cicscareers 0 cics 0 umass 0 edu 0 cs 0 building 0 just 1 ren 1 assistant 0 professor 0 rjust 0 cs 0 umass 0 edu 0 cs 0 building 0 kalogerakis 1 evangelos 1 assistant 0 professor 0 kalo 0 cs 0 umass 0 edu 0 cs 0 building 0 kantor 1 erez 1 senior 0 research 0 fellow 0 erezk 0 cs 0 umass 0 edu 0 lgrc 0 kaplan 1 scott 1 adjunct 0 professor 0 sfkaplan 0 cs 0 umass 0 edu 0 off 0 campus 0 kellogg 1 terrie 1 software 0 specialist 0 terrie 0 cs 0 umass 0 edu 0 cs 0 building 0 kermani 1 parviz 1 part 0 time 0 lecturer 0 parviz 0 cs 0 umass 0 edu 0 lgrc 0 korpiewski 1 david 1 software 0 specialist 0 davidk 0 cs 0 umass 0 edu 0 cs 0 building 0 kozma 1 robert 1 visiting 0 professor 0 rkozma 0 cs 0 umass 0 edu 0 cs 0 building 0 krishnamurthy 1 akshay 1 assistant 0 professor 0 akshay 0 cs 0 umass 0 edu 0 cs 0 building 0 krusell 1 brian 1 director 0 of 0 career 0 development 0 cicscareers 0 cics 0 umass 0 edu 0 cs 0 building 0 kulp 1 david 1 adjunct 0 assistant 0 professor 0 dkulp 0 cs 0 umass 0 edu 0 off 0 campus 0 kurose 1 james 1 distinguished 0 professor 0 kurose 0 cs 0 umass 0 edu 0 cs 0 building 0 laflamme 1 tara 1 undergraduate 0 program 0 assistant 0 laflamme 0 cs 0 umass 0 edu 0 cs 0 building 0 lavery 1 rachel 1 grants 0 and 0 contracts 0 coordinator 0 lavery 0 cs 0 umass 0 edu 0 cs 0 building 0 learned 1 miller 1 erik 1 professor 0 elm 0 cs 0 umass 0 edu 0 cs 0 building 0 leclerc 1 leeanne 1 graduate 0 program 0 manager 0 leclerc 0 cs 0 umass 0 edu 0 cs 0 building 0 lee 1 sunghoon 1 ivan 1 assistant 0 professor 0 silee 0 cs 0 umass 0 edu 0 cs 0 building 0 lehnert 1 wendy 1 professor 0 emerita 0 lehnert 0 cs 0 umass 0 edu 0 off 0 campus 0 lesser 1 victor 1 distinguished 0 professor 0 emeritus 0 lesser 0 cs 0 umass 0 edu 0 off 0 campus 0 levine 1 brian 1 neil 1 professor 0 levine 0 cs 0 umass 0 edu 0 cs 0 building 0 li 1 jian 1 postdoctoral 0 research 0 associate 0 jianli 0 cs 0 umass 0 edu 0 cs 0 building 0 liberatore 1 marc 1 teaching 0 faculty 0 liberato 0 cs 0 umass 0 edu 0 cs 0 building 0 loud 1 glenn 1 sr 0 hardware 0 specialist 0 glenn 0 cs 0 umass 0 edu 0 cs 0 building 0 lustig 1 matt 1 grants 0 and 0 contracts 0 coordinator 0 matt 0 lustig 0 cs 0 umass 0 edu 0 cs 0 building 0 lynn 1 brian 1 sr 0 software 0 engineer 0 blynn 0 cs 0 umass 0 edu 0 cs 0 building 0 mahadevan 1 sridhar 1 professor 0 mahadeva 0 cs 0 umass 0 edu 0 off 0 campus 0 maji 1 subhransu 1 assistant 0 professor 0 smaji 0 cs 0 umass 0 edu 0 cs 0 building 0 mandler 1 pam 1 assistant 0 director 0 of 0 operations 0 center 0 for 0 data 0 science 0 mandler 0 cs 0 umass 0 edu 0 cs 0 building 0 manmatha 1 adjunct 0 professor 0 manmatha 1 cs 0 umass 0 edu 0 off 0 campus 0 marlin 1 benjamin 1 assistant 0 professor 0 marlin 0 cs 0 umass 0 edu 0 cs 0 building 0 marquard 1 jenna 1 adjunct 0 associate 0 professor 0 jlmarquard 0 ecs 0 umass 0 edu 0 marston 0 marshall 1 david 1 sr 0 software 0 engineer 0 marshall 0 cs 0 umass 0 edu 0 mazeski 1 joyce 1 assistant 0 to 0 the 0 chair 0 of 0 the 0 faculty 0 jmazeski 0 cs 0 umass 0 edu 0 cs 0 building 0 mazumdar 1 arya 1 assistant 0 professor 0 arya 0 cs 0 umass 0 edu 0 cs 0 building 0 mccallum 1 andrew 1 professor 0 mccallum 0 cs 0 umass 0 edu 0 cs 0 building 0 mcgregor 1 andrew 1 associate 0 professor 0 mcgregor 0 cs 0 umass 0 edu 0 cs 0 building 0 meliou 1 alexandra 1 assistant 0 professor 0 ameli 0 cs 0 umass 0 edu 0 cs 0 building 0 miklau 1 gerome 1 professor 0 miklau 0 cs 0 umass 0 edu 0 cs 0 building 0 mitchell 1 gwyn 1 grants 0 and 0 contracts 0 coordinator 0 mitchell 0 cs 0 umass 0 edu 0 cs 0 building 0 moll 1 robert 1 professor 0 emeritus 0 moll 0 cs 0 umass 0 edu 0 lgrc 0 moruzzi 1 kate 1 grants 0 and 0 contracts 0 coordinator 0 kate 0 cs 0 umass 0 edu 0 cs 0 building 0 moss 1 eliot 1 professor 0 graduate 0 program 0 director 0 moss 0 cs 0 umass 0 edu 0 cs 0 building 0 murray 1 thomas 1 research 0 fellow 0 tmurray 0 cs 0 umass 0 edu 0 lgrc 0 myburgh 1 samantha 1 academic 0 programs 0 assistant 0 smyburgh 0 cs 0 umass 0 edu 0 cs 0 building 0 napoleone 1 anna 1 rita 1 lecturer 0 anapoleo 0 cs 0 umass 0 edu 0 connor 1 brendan 1 assistant 0 professor 0 brenocon 0 cs 0 umass 0 edu 0 cs 0 building 0 osterweil 1 leon 1 professor 0 emeritus 0 ljo 0 cs 0 umass 0 edu 0 cs 0 building 0 overstreet 1 susan 1 grants 0 and 0 contracts 0 coordinator 0 overstre 0 cs 0 umass 0 edu 0 cs 0 building 0 parker 1 daniel 1 sr 0 systems 0 manager 0 drp 0 cs 0 umass 0 edu 0 cs 0 building 0 pon 1 barry 1 heather 1 adjunct 0 assistant 0 professor 0 ponbarry 0 cics 0 umass 0 edu 0 off 0 campus 0 rahman 1 tauhidur 1 assistant 0 professor 0 starting 0 trahman 0 cs 0 umass 0 edu 0 ramamritham 1 krithivasan 1 adjunct 0 professor 0 krithi 0 cs 0 umass 0 edu 0 off 0 campus 0 rattigan 1 matthew 1 director 0 of 0 research 0 programs 0 cds 0 rattigan 0 cs 0 umass 0 edu 0 cs 0 building 0 rawat 1 ankit 1 singh 1 postdoctoral 0 research 0 associate 0 cs 0 building 0 rice 1 robert 1 hardware 0 specialist 0 rob 0 cs 0 umass 0 edu 0 cs 0 building 0 richards 1 tim 1 senior 0 teaching 0 faculty 0 undergraduate 0 program 0 director 0 richards 0 cs 0 umass 0 edu 0 lgrc 0 rietman 1 edward 1 senior 0 research 0 fellow 0 erietman 0 cs 0 umass 0 edu 0 lgrc 0 risinger 1 erik 1 research 0 fellow 0 erisinger 0 cs 0 umass 0 edu 0 cs 0 building 0 rissland 1 edwina 1 professor 0 emerita 0 rissland 0 cs 0 umass 0 edu 0 off 0 campus 0 roberts 1 michele 1 grants 0 and 0 contracts 0 coordinator 0 michele 0 cs 0 umass 0 edu 0 rooshenas 1 amirmohammad 1 research 0 fellow 0 pedram 0 cs 0 umass 0 edu 0 cs 0 building 0 rosenberg 1 arnold 1 distinguished 0 university 0 professor 0 emeritus 0 rsnbrg 0 cs 0 umass 0 edu 0 off 0 campus 0 roux 1 deanna 1 communications 0 coordinator 0 expanding 0 computing 0 education 0 pathways 0 droux 0 cs 0 umass 0 edu 0 lgrc 0 rupp 1 victoria 1 assistant 0 to 0 the 0 dean 0 vrupp 0 cs 0 umass 0 edu 0 cs 0 building 0 sacco 1 karren 1 grants 0 and 0 contracts 0 coordinator 0 ksacco 0 cs 0 umass 0 edu 0 cs 0 building 0 saha 1 barna 1 assistant 0 professor 0 barna 0 cs 0 umass 0 edu 0 cs 0 building 0 saunders 1 adam 1 software 0 engineer 0 saunders 0 cs 0 umass 0 edu 0 cs 0 building 0 scott 1 priscilla 1 grants 0 and 0 contracts 0 coordinator 0 priscill 0 cs 0 umass 0 edu 0 cs 0 building 0 serafini 1 marco 1 assistant 0 professor 0 starting 0 cs 0 building 0 shaw 1 kerry 1 director 0 of 0 external 0 relations 0 communications 0 kshaw 0 cics 0 umass 0 edu 0 cs 0 building 0 sheldon 1 dan 1 assistant 0 professor 0 sheldon 0 cs 0 umass 0 edu 0 cs 0 building 0 shenoy 1 prashant 1 professor 0 associate 0 dean 0 of 0 computing 0 and 0 facilities 0 shenoy 0 cs 0 umass 0 edu 0 cs 0 building 0 siegelmann 1 hava 1 professor 0 hava 0 cs 0 umass 0 edu 0 cs 0 building 0 sihvonen 1 binder 1 paul 1 software 0 specialist 0 pbinder 0 cs 0 umass 0 edu 0 cs 0 building 0 sitaraman 1 ramesh 1 professor 0 ramesh 0 cs 0 umass 0 edu 0 cs 0 building 0 smaragdakis 1 yannis 1 adjunct 0 associate 0 professor 0 yannis 0 cs 0 umass 0 edu 0 off 0 campus 0 smith 1 david 1 adjunct 0 assistant 0 professor 0 dasmith 0 ccs 0 neu 0 edu 0 off 0 campus 0 sondheimer 1 norman 1 adjunct 0 research 0 assistant 0 professor 0 sondheimer 0 cs 0 umass 0 edu 0 off 0 campus 0 spector 1 lee 1 adjunct 0 professor 0 lspector 0 hampshire 0 edu 0 off 0 campus 0 spector 1 michael 1 software 0 engineer 0 mspector 0 umass 0 edu 0 cs 0 building 0 sproull 1 bob 1 adjunct 0 professor 0 rfsproull 0 cs 0 umass 0 edu 0 off 0 campus 0 stowell 1 glenn 1 ciir 0 business 0 manager 0 stowell 0 cs 0 umass 0 edu 0 cs 0 building 0 streinu 1 ileana 1 adjunct 0 professor 0 streinu 0 cs 0 umass 0 edu 0 off 0 campus 0 stubbs 1 julie 1 director 0 of 0 development 0 stubbs 0 cs 0 umass 0 edu 0 cs 0 building 0 sutherland 1 barbara 1 administrative 0 assistant 0 sutherla 0 cs 0 umass 0 edu 0 cs 0 building 0 swelko 1 christine 1 regional 0 project 0 coordinator 0 mecsp 0 cbswelko 0 cs 0 umass 0 edu 0 thomas 1 philip 1 assistant 0 professor 0 pthomas 0 cs 0 umass 0 edu 0 cs 0 building 0 thota 1 neena 1 teaching 0 faculty 0 nthota 0 cs 0 umass 0 edu 0 lgrc 0 towsley 1 donald 1 distinguished 0 university 0 professor 0 towsley 0 cs 0 umass 0 edu 0 cs 0 building 0 trim 1 michelle 1 teaching 0 faculty 0 mtrim 0 cs 0 umass 0 edu 0 lgrc 0 venkataramani 1 arun 1 associate 0 professor 0 arun 0 cs 0 umass 0 edu 0 cs 0 building 0 verts 1 william 1 senior 0 teaching 0 faculty 0 verts 0 cs 0 umass 0 edu 0 lgrc 0 wallach 1 hanna 1 adjunct 0 associate 0 professor 0 wallach 0 cs 0 umass 0 edu 0 off 0 campus 0 wang 1 rui 1 associate 0 professor 0 ruiwang 0 cs 0 umass 0 edu 0 cs 0 building 0 weems 1 charles 1 associate 0 professor 0 weems 0 cs 0 umass 0 edu 0 cs 0 building 0 westbrook 1 david 1 senior 0 research 0 fellow 0 westy 0 cs 0 umass 0 edu 0 cs 0 building 0 wileden 1 jack 1 professor 0 associate 0 dean 0 of 0 student 0 affairs 0 jack 0 cs 0 umass 0 edu 0 cs 0 building 0 woolf 1 beverly 1 research 0 professor 0 bev 0 cs 0 umass 0 edu 0 lgrc 0 xiong 1 jie 1 assistant 0 professor 0 starting 0 jxiong 0 cs 0 umass 0 edu 0 yovina 1 lynn 1 administrative 0 assistant 0 center 0 for 0 data 0 science 0 lyvonia 0 cs 0 umass 0 edu 0 cs 0 building 0 yu 1 hong 1 adjunct 0 professor 0 hongyu 0 cs 0 umass 0 edu 0 off 0 campus 0 zarozinski 1 michael 1 sr 0 software 0 engineer 0 michaelz 0 cs 0 umass 0 edu 0 cs 0 building 0 zhang 1 yongfeng 1 postdoctoral 0 research 0 associate 0 yongfeng 0 cs 0 umass 0 edu 0 cs 0 building 0 zilberstein 1 shlomo 1 professor 0 associate 0 dean 0 of 0 research 0 and 0 engagement 0 shlomo 0 cs 0 umass 0 edu 0 cs 0 building 0 zink 1 michael 1 adjunct 0 assistant 0 professor 0 zink 0 ecs 0 umass 0 edu 0 knowles 0 engineering 0 search 0 form 0 search 0 cics 0 people 0 all 0 faculty 0 staff 0 tenure 0 track 0 teaching 0 faculty 0 adjunct 0 faculty 0 research 0 scientists 0 fellows 0 emeritus 0 faculty 0 in 0 memoriam 0 staff 0 directory 0 phd 0 students 0 master 0 students 0 advisory 0 board 0 we 0 re 0 hiring 0 view 0 open 0 faculty 0 and 0 staff 0 positions 0 follow 0 us 0 on 0 social 0 media 0 subscribe 0 to 0 the 0 cics 0 enewsletter 0 college 0 of 0 information 0 and 0 computer 0 sciences 0 governors 0 dr 0 amherst 0 ma 0 info 0 cics 0 umass 0 edu 0 university 0 of 0 massachusetts 0 amherst 0 site 0 policies 0 site 0 contact 0
