all 0 people 0 school 0 of 0 informatics 0 and 0 computing 0 indiana 0 university 0 skip 0 to 0 content 0 skip 0 to 0 search 0 indiana 0 university 0 bloomington 0 indiana 0 university 0 bloomington 0 iu 0 bloomington 0 search 0 school 0 of 0 informatics 0 computing 0 and 0 engineering 0 menu 0 connect 0 all 0 people 0 alumni 0 giving 0 news 0 calendar 0 of 0 events 0 facebook 0 twitter 0 youtube 0 linkedin 0 pinterest 0 instagram 0 about 0 us 0 mission 0 message 0 from 0 the 0 dean 0 dean 0 advisory 0 council 0 dac 0 members 0 administration 0 staff 0 directory 0 in 0 memoriam 0 luddy 0 hall 0 departments 0 facilities 0 technology 0 spotlights 0 visit 0 us 0 contact 0 us 0 social 0 media 0 undergraduate 0 future 0 freshmen 0 degrees 0 certificates 0 courses 0 admissions 0 financial 0 aid 0 scholarships 0 for 0 continuing 0 and 0 certified 0 students 0 academic 0 and 0 career 0 planning 0 academic 0 advising 0 innovation 0 entrepreneurship 0 overseas 0 education 0 help 0 center 0 contact 0 us 0 graduate 0 degrees 0 certificates 0 courses 0 admissions 0 financial 0 support 0 advising 0 innovation 0 entrepreneurship 0 forms 0 graduate 0 student 0 directory 0 contact 0 us 0 career 0 services 0 employers 0 students 0 alumni 0 spotlights 0 about 0 us 0 faculty 0 research 0 faculty 0 directory 0 research 0 events 0 student 0 research 0 faculty 0 affairs 0 academic 0 positions 0 about 0 us 0 student 0 life 0 student 0 organizations 0 student 0 ambassadors 0 inclusion 0 summer 0 camps 0 community 0 outreach 0 serve 0 it 0 student 0 recognition 0 celebration 0 all 0 people 0 alumni 0 giving 0 news 0 calendar 0 of 0 events 0 home 0 all 0 people 0 all 0 people 0 staff 0 faculty 0 filter 0 people 0 by 0 name 0 name 0 contact 0 josefa 1 abrera 1 associate 0 professor 0 emerita 0 school 0 of 0 library 0 and 0 information 0 science 0 abreraj 0 indiana 0 edu 0 raj 1 acharya 1 dean 0 rudy 0 professor 0 of 0 engineering 0 computer 0 science 0 and 0 informatics 0 dean 0 soic 0 indiana 0 edu 0 informatics 0 east 0 erick 1 adienge 1 manager 0 senior 0 software 0 engineer 0 eadienge 0 indiana 0 edu 0 it 0 house 0 yong 1 yeol 1 ahn 1 assistant 0 professor 0 of 0 informatics 0 and 0 computing 0 yyahn 0 indiana 0 edu 0 informatics 0 east 0 larry 1 ailes 1 associate 0 director 0 of 0 career 0 services 0 lpailes 0 indiana 0 edu 0 informatics 0 east 0 shamim 1 ali 1 associate 0 director 0 of 0 undergraduate 0 advising 0 srazawi 0 indiana 0 edu 0 matthew 1 anderson 1 principal 0 software 0 research 0 engineer 0 crest 0 andersmw 0 indiana 0 edu 0 barbara 1 andrews 1 adjunct 0 associate 0 professor 0 barbaraandrews 0 mac 0 com 0 donna 1 arkins 1 director 0 of 0 information 0 technology 0 darkins 0 indiana 0 edu 0 informatics 0 west 0 andrew 1 asher 1 adjunct 0 instructor 0 asherand 0 indiana 0 edu 0 wells 0 library 0 steven 1 backs 1 adjunct 0 lecturer 0 steve 0 backs 0 gmail 0 com 0 philip 1 bantin 1 adjunct 0 professor 0 bantin 0 indiana 0 edu 0 wells 0 library 0 jeffrey 1 bardzell 1 professor 0 of 0 informatics 0 jbardzel 0 indiana 0 edu 0 informatics 0 west 0 shaowen 1 bardzell 1 associate 0 professor 0 of 0 informatics 0 selu 0 indiana 0 edu 0 informatics 0 west 0 martina 1 barnas 1 assistant 0 dean 0 for 0 research 0 mbarnas 0 indiana 0 edu 0 woodlawn 0 ave 0 nathan 1 bauters 1 assistant 0 director 0 of 0 facilities 0 nbauters 0 indiana 0 edu 0 east 0 th 0 street 0 anna 1 bednarski 1 associate 0 director 0 of 0 academic 0 and 0 career 0 planning 0 abednars 0 indiana 0 edu 0 informatics 0 east 0 randall 1 beer 1 professor 0 of 0 computer 0 science 0 and 0 informatics 0 rdbeer 0 indiana 0 edu 0 john 1 beggs 1 associate 0 professor 0 physics 0 jmbeggs 0 indiana 0 edu 0 swain 0 west 0 hannah 1 benjamin 1 administrative 0 assistant 0 to 0 the 0 precision 0 health 0 initiative 0 and 0 center 0 for 0 bioinformatics 0 research 0 hlbenjam 0 iu 0 edu 0 lindley 0 hall 0 tom 1 bewley 1 assistant 0 dean 0 for 0 development 0 tbewley 0 indiana 0 edu 0 crest 0 walnut 0 adeel 1 bhutta 1 lecturer 0 aabhutta 0 indiana 0 edu 0 lindley 0 hall 0 ken 1 bikoff 1 communications 0 specialist 0 kbikoff 0 indiana 0 edu 0 th 0 street 0 saul 1 blanco 1 visiting 0 assistant 0 professor 0 sblancor 0 indiana 0 edu 0 informatics 0 west 0 eli 1 blevis 1 professor 0 of 0 informatics 0 eblevis 0 indiana 0 edu 0 informatics 0 west 0 kristen 1 bohnert 1 admissions 0 coordinator 0 recorder 0 datasci 0 indiana 0 edu 0 park 0 ave 0 axel 1 daniel 1 bolin 1 software 0 developer 0 cyberinfrastructure 0 for 0 network 0 science 0 center 0 axbolin 0 iu 0 edu 0 wells 0 library 0 johan 1 bollen 1 associate 0 professor 0 of 0 informatics 0 and 0 computing 0 jbollen 0 indiana 0 edu 0 informatics 0 east 0 maria 1 bondesson 1 associate 0 professor 0 intelligent 0 systems 0 engineering 0 mbondess 0 iu 0 edu 0 smith 0 research 0 center 0 office 0 and 0 simon 0 hall 0 office 0 katy 1 rner 1 distinguished 0 professor 0 of 0 information 0 science 0 katy 0 indiana 0 edu 0 wells 0 library 0 sara 1 bouchard 1 senior 0 graphic 0 designer 0 cyberinfrastructure 0 for 0 network 0 science 0 center 0 sbouchar 0 indiana 0 edu 0 elli 1 bourlai 1 adjunct 0 instructor 0 ebourlai 0 indiana 0 edu 0 wells 0 library 0 randall 1 bramley 1 professor 0 of 0 computer 0 science 0 bramley 0 cs 0 indiana 0 edu 0 lindley 0 hall 0 volker 1 brendel 1 professor 0 of 0 biology 0 and 0 computer 0 science 0 vbrendel 0 indiana 0 edu 0 simon 0 hall 0 matthew 1 brennan 1 research 0 faculty 0 brennmat 0 indiana 0 edu 0 woodlawn 0 ave 0 maciej 1 brodowicz 1 advanced 0 parallel 0 computing 0 engineer 0 crest 0 mbrodowi 0 indiana 0 edu 0 benita 1 brown 1 director 0 of 0 faculty 0 administration 0 benitab 0 indiana 0 edu 0 lindley 0 hall 0 geoffrey 1 brown 1 professor 0 of 0 computer 0 science 0 geobrown 0 cs 0 indiana 0 edu 0 lindley 0 hall 0 travis 1 brown 1 assistant 0 dean 0 for 0 innovation 0 entrepreneurship 0 commercialization 0 trabrown 0 indiana 0 edu 0 informatics 0 west 0 heather 1 brummett 1 web 0 specialist 0 hkidd 0 indiana 0 edu 0 th 0 street 0 room 0 andreas 1 bueckle 1 adjunct 0 instructor 0 abueckle 0 indiana 0 edu 0 wells 0 library 0 kate 1 caldwell 1 director 0 of 0 career 0 services 0 caldwell 0 indiana 0 edu 0 informatics 0 east 0 daniel 1 callison 1 professor 0 emeritus 0 library 0 and 0 information 0 science 0 and 0 continuing 0 studies 0 school 0 of 0 education 0 callison 0 indiana 0 edu 0 informatics 0 east 0 jean 1 camp 1 professor 0 of 0 informatics 0 ljcamp 0 indiana 0 edu 0 informatics 0 west 0 kerri 1 campbell 1 senior 0 associate 0 director 0 of 0 career 0 services 0 kc 0 indiana 0 edu 0 informatics 0 east 0 sarah 1 carroll 1 assistant 0 director 0 crest 0 sccarrol 0 iu 0 edu 0 mike 1 casey 1 adjunct 0 lecturer 0 micasey 0 indiana 0 edu 0 fred 1 cate 1 adjunct 0 professor 0 fcate 0 indiana 0 edu 0 michael 1 chabin 1 visting 0 lecturer 0 mschabin 0 indiana 0 edu 0 informatics 0 west 0 tamy 1 chambers 1 adjunct 0 instructor 0 tischt 0 indiana 0 edu 0 wells 0 library 0 arun 1 chauhan 1 adjunct 0 assistant 0 professor 0 langshi 1 chen 1 postdoctoral 0 scholar 0 digital 0 science 0 center 0 lc 0 indiana 0 edu 0 peter 1 cherbas 1 adjunct 0 professor 0 cherbas 0 indiana 0 edu 0 wookjin 1 cheun 1 adjunct 0 associate 0 professor 0 wcheun 0 indiana 0 edu 0 carol 1 choksy 1 lecturer 0 cchoksy 0 indiana 0 edu 0 wells 0 library 0 giovanni 1 luca 1 ciampaglia 1 postdoctoral 0 fellow 0 gciampag 0 indiana 0 edu 0 informatics 0 east 0 jill 1 clancy 1 event 0 planner 0 jilclanc 0 indiana 0 edu 0 informatics 0 east 0 robert 1 clark 1 adjunct 0 professor 0 of 0 informatics 0 bob 0 simulations 0 plus 0 com 0 james 1 clawson 1 assistant 0 professor 0 clawsonj 0 indiana 0 edu 0 informatics 0 east 0 keith 1 cochran 1 adjunct 0 instructor 0 cochran 0 indiana 0 edu 0 cook 0 music 0 library 0 ellen 1 coe 1 rodkey 1 senior 0 associate 0 director 0 career 0 services 0 ellen 0 iu 0 edu 0 informatics 0 east 0 david 1 cole 1 manager 0 of 0 it 0 hardware 0 daedcole 0 indiana 0 edu 0 informatics 0 east 0 kay 1 connelly 1 professor 0 of 0 informatics 0 connelly 0 indiana 0 edu 0 informatics 0 east 0 dave 1 cooley 1 manager 0 of 0 collaborative 0 technology 0 drcooley 0 indiana 0 edu 0 informatics 0 west 0 steve 1 cox 1 systems 0 analyst 0 stevecox 0 indiana 0 edu 0 wells 0 library 0 david 1 crandall 1 associate 0 professor 0 of 0 informatics 0 and 0 computing 0 djcran 0 indiana 0 edu 0 park 0 ave 0 lynne 1 crohn 1 senior 0 large 0 systems 0 specialist 0 lacrohn 0 indiana 0 edu 0 informatics 0 east 0 blaise 1 cronin 1 rudy 0 professor 0 emeritus 0 of 0 information 0 science 0 bcronin 0 indiana 0 edu 0 becky 1 curtis 1 administrative 0 assistant 0 bcurtis 0 indiana 0 edu 0 lindley 0 hall 0 cindy 1 curvin 1 director 0 of 0 contract 0 and 0 grant 0 administration 0 ccurvin 0 indiana 0 edu 0 informatics 0 east 0 luke 1 dalessandro 1 research 0 scientist 0 ldalessa 0 indiana 0 edu 0 mehmet 1 dalkilic 1 associate 0 professor 0 of 0 informatics 0 and 0 computing 0 dalkilic 0 indiana 0 edu 0 lindley 0 hall 0 michael 1 daniels 1 manager 0 of 0 web 0 development 0 miidanie 0 indiana 0 edu 0 web 0 and 0 communications 0 building 0 shawn 1 linn 1 davenport 1 graduate 0 admissions 0 services 0 coordinator 0 computer 0 science 0 shadaven 0 indiana 0 edu 0 lindley 0 hall 0 charles 1 davis 1 senior 0 fellow 0 adjunct 0 professor 0 davisc 0 indiana 0 edu 0 informatics 0 east 0 ronald 1 day 1 professor 0 of 0 information 0 and 0 library 0 science 0 roday 0 indiana 0 edu 0 wells 0 library 0 sally 1 deckard 1 director 0 of 0 academic 0 operations 0 sdeckard 0 indiana 0 edu 0 informatics 0 west 0 lori 1 dekydtspotter 1 adjunct 0 assistant 0 professor 0 lodekydt 0 indiana 0 edu 0 informatics 0 east 0 bradford 1 demarest 1 lecturer 0 bdemares 0 indiana 0 edu 0 woodlawn 0 ave 0 sherrie 1 lynn 1 denney 1 graduate 0 records 0 admissions 0 assistant 0 sdenney 0 iu 0 edu 0 lindley 0 hall 0 markus 1 dickinson 1 adjunct 0 associate 0 professor 0 md 0 indiana 0 edu 0 beverly 1 diekhoff 1 graduate 0 records 0 coordinator 0 bdiekhof 0 indiana 0 edu 0 informatics 0 west 0 ying 1 ding 1 professor 0 of 0 informatics 0 dingying 0 indiana 0 edu 0 informatics 0 west 0 michele 1 dompke 1 administrative 0 assistant 0 to 0 informatics 0 department 0 chair 0 and 0 executive 0 associate 0 deans 0 mdompke 0 indiana 0 edu 0 informatics 0 east 0 devan 1 ray 1 donaldson 1 assistant 0 professor 0 of 0 information 0 science 0 drdonald 0 indiana 0 edu 0 wells 0 library 0 erika 1 dowell 1 adjunct 0 associate 0 professor 0 edowell 0 indiana 0 edu 0 lilly 0 library 0 dana 1 duffy 1 backs 1 adjunct 0 lecturer 0 drduffy 0 indiana 0 edu 0 duncan 1 senior 0 lecturer 0 johfdunc 0 indiana 0 edu 0 undergraduate 0 annex 0 corner 0 of 0 th 0 and 0 woodlawn 0 michael 1 dunn 1 founding 0 dean 0 emeritus 0 professor 0 emeritus 0 of 0 informatics 0 and 0 computer 0 science 0 dunn 0 indiana 0 edu 0 informatics 0 west 0 kent 1 dybvig 1 professor 0 emeritus 0 of 0 computer 0 science 0 dyb 0 cs 0 indiana 0 edu 0 natalie 1 edwards 1 associate 0 director 0 of 0 undergraduate 0 recruiting 0 natjedwa 0 iu 0 edu 0 informatics 0 east 0 hamid 1 ekbia 1 professor 0 of 0 informatics 0 cognitive 0 science 0 and 0 international 0 studies 0 hekbia 0 indiana 0 edu 0 informatics 0 west 0 jesse 1 elkins 1 internship 0 coordinator 0 administrative 0 assistant 0 elkinsjr 0 indiana 0 edu 0 wells 0 library 0 cheryl 1 engel 1 graduate 0 recruitment 0 admissions 0 manager 0 informatics 0 chengel 0 indiana 0 edu 0 informatics 0 west 0 nathan 1 ensmenger 1 associate 0 professor 0 nensmeng 0 indiana 0 edu 0 informatics 0 west 0 richard 1 eppert 1 reppert 0 iupui 0 edu 0 funda 1 ergun 1 professor 0 of 0 computer 0 science 0 fergun 0 indiana 0 edu 0 lindley 0 hall 0 ali 1 faqeeh 1 postdoctoral 0 fellow 0 afaqeeh 0 iu 0 edu 0 informatics 0 east 0 pnina 1 fichman 1 professor 0 of 0 information 0 science 0 fichman 0 indiana 0 edu 0 wells 0 library 0 allison 1 fish 1 assistant 0 professor 0 allifish 0 indiana 0 edu 0 informatics 0 west 0 shirley 1 fitzgibbons 1 associate 0 professor 0 emerita 0 school 0 of 0 library 0 and 0 information 0 science 0 fitzgibb 0 indiana 0 edu 0 alessandro 1 flammini 1 professor 0 of 0 informatics 0 aflammin 0 indiana 0 edu 0 informatics 0 east 0 santo 1 fortunato 1 professor 0 santo 0 indiana 0 edu 0 informatics 0 east 0 geoffrey 1 charles 1 fox 1 interim 0 associate 0 dean 0 for 0 intelligent 0 systems 0 engineering 0 gcf 0 indiana 0 edu 0 matthew 1 francisco 1 visiting 0 lecturer 0 francm 0 indiana 0 edu 0 house 0 human 0 robot 0 interaction 0 lab 0 daniel 1 friedman 1 professor 0 of 0 computer 0 science 0 dfried 0 cs 0 indiana 0 edu 0 lindley 0 hall 0 bernie 1 frischer 1 professor 0 of 0 informatics 0 bfrische 0 indiana 0 edu 0 woodlawn 0 ave 0 kate 1 gagnon 1 director 0 of 0 development 0 major 0 gifts 0 kdgagnon 0 indiana 0 edu 0 gina 1 gallagher 1 senior 0 director 0 of 0 corporate 0 and 0 foundation 0 relations 0 ggallagh 0 indiana 0 edu 0 crest 0 walnut 0 mike 1 gallant 1 assistant 0 director 0 of 0 information 0 technology 0 gallantm 0 indiana 0 edu 0 wells 0 library 0 dennis 1 gannon 1 professor 0 emeritus 0 of 0 computer 0 science 0 gannon 0 iu 0 edu 0 eleftherios 1 garyfallidis 1 assistant 0 professor 0 of 0 intelligent 0 systems 0 engineering 0 elef 0 indiana 0 edu 0 smith 0 research 0 center 0 michael 1 gasser 1 associate 0 professor 0 emeritus 0 of 0 informatics 0 and 0 computing 0 gasser 0 cs 0 indiana 0 edu 0 dan 1 adrian 1 german 1 senior 0 lecturer 0 dgerman 0 indiana 0 edu 0 lindley 0 hall 0 ali 1 ghazinejad 1 adjunct 0 lecturer 0 alighazi 0 indiana 0 edu 0 todd 1 gillman 1 todd 0 gilman 0 yale 0 edu 0 michael 1 ginda 1 senior 0 research 0 analyst 0 cyberinfrastructure 0 for 0 network 0 science 0 center 0 mginda 0 indiana 0 edu 0 james 1 glazier 1 professor 0 of 0 intelligent 0 systems 0 engineering 0 professor 0 director 0 of 0 biocomplexity 0 institute 0 biophysics 0 glazier 0 indiana 0 edu 0 swain 0 west 0 tassie 1 gniady 1 adjunct 0 instructor 0 ctgniady 0 iu 0 edu 0 dennis 1 groth 1 vice 0 provost 0 for 0 undergraduate 0 education 0 dgroth 0 indiana 0 edu 0 alexander 1 gumennik 1 assistant 0 professor 0 of 0 intelligent 0 systems 0 engineering 0 gumennik 0 iu 0 edu 0 smith 0 research 0 center 0 th 0 st 0 feng 1 guo 1 assistant 0 professor 0 of 0 intelligent 0 systems 0 engineering 0 fengguo 0 iu 0 edu 0 th 0 street 0 minaxi 1 gupta 1 adjunct 0 associate 0 professor 0 of 0 computer 0 science 0 minaxi 0 cs 0 indiana 0 edu 0 lindley 0 hall 0 marc 1 gyssens 1 adjunct 0 professor 0 marc 1 gyssens 1 uhasselt 0 be 0 amit 1 hagar 1 adjunct 0 professor 0 for 0 intelligent 0 systems 0 engineering 0 hagara 0 indiana 0 edu 0 ballentine 0 hall 0 esfandiar 1 haghverdi 1 executive 0 associate 0 dean 0 for 0 academic 0 affairs 0 ehaghver 0 indiana 0 edu 0 informatics 0 east 0 stanley 1 hagstrom 1 professor 0 emeritus 0 of 0 computer 0 science 0 hagstrom 0 indiana 0 edu 0 matthew 1 hahn 1 professor 0 of 0 informatics 0 mwh 0 indiana 0 edu 0 andrew 1 hanson 1 professor 0 emeritus 0 of 0 computer 0 science 0 hansona 0 indiana 0 edu 0 lindley 0 hall 0 noriko 1 hara 1 associate 0 professor 0 of 0 information 0 science 0 nhara 0 indiana 0 edu 0 wells 0 library 0 stephen 1 harter 1 professor 0 emeritus 0 school 0 of 0 library 0 and 0 information 0 science 0 harter 0 indiana 0 edu 0 christopher 1 haynes 1 associate 0 professor 0 emeritus 0 computer 0 science 0 chaynes 0 indiana 0 edu 0 lynda 1 haywood 1 smith 1 associate 0 director 0 of 0 undergraduate 0 advising 0 lyhaywoo 0 indiana 0 edu 0 informatics 0 east 0 lauren 1 headley 1 event 0 planner 0 program 0 services 0 coordinator 0 lheadley 0 indiana 0 edu 0 informatics 0 east 0 john 1 helling 1 jhelling 0 bloomfield 0 lib 0 in 0 us 0 regina 1 helton 1 associate 0 director 0 of 0 graduate 0 student 0 services 0 soiccsiu 0 indiana 0 edu 0 lindley 0 hall 0 rob 1 henderson 1 senior 0 systems 0 specialist 0 robh 0 indiana 0 edu 0 lindley 0 hall 0 ryan 1 henry 1 assistant 0 professor 0 henry 0 indiana 0 edu 0 lindley 0 hall 0 shelli 1 herndon 1 payroll 0 specialist 0 administrative 0 assistant 0 for 0 faculty 0 administration 0 sherndon 0 iu 0 edu 0 lindley 0 hall 0 susan 1 herring 1 professor 0 of 0 information 0 science 0 herring 0 indiana 0 edu 0 wells 0 library 0 caleb 1 hess 1 senior 0 hardware 0 specialist 0 lab 0 safety 0 officer 0 cmhess 0 indiana 0 edu 0 it 0 house 0 raquel 1 hill 1 associate 0 professor 0 of 0 computer 0 science 0 and 0 informatics 0 ralhill 0 indiana 0 edu 0 lindley 0 hall 0 lara 1 hillenberg 1 assistant 0 director 0 of 0 advising 0 lahillen 0 iu 0 edu 0 lindley 0 hall 0 bryce 1 himebaugh 1 clinical 0 assistant 0 professor 0 of 0 computer 0 science 0 bhimebau 0 cs 0 indiana 0 edu 0 lindley 0 hall 0 mitja 1 hmeljak 1 lecturer 0 mitja 0 indiana 0 edu 0 lindley 0 hall 0 douglas 1 hofstadter 1 college 0 of 0 arts 0 and 0 sciences 0 distinguished 0 professor 0 of 0 cognitive 0 science 0 and 0 computer 0 science 0 dughof 0 indiana 0 edu 0 tara 1 holbrook 1 administrative 0 assistant 0 tgholbro 0 indiana 0 edu 0 informatics 0 east 0 deloice 1 holliday 1 diversity 0 liaison 0 for 0 ils 0 admissions 0 and 0 alumni 0 relations 0 dehollid 0 indiana 0 edu 0 informatics 0 east 0 hilary 1 horrey 1 assistant 0 director 0 of 0 undergraduate 0 recruiting 0 intelligent 0 systems 0 engineering 0 horrey 0 iu 0 edu 0 informatics 0 east 0 matt 1 hottell 1 senior 0 lecturer 0 mhottell 0 indiana 0 edu 0 informatics 0 west 0 chunfeng 1 huang 1 adjunct 0 associate 0 professor 0 huang 0 indiana 0 edu 0 yan 1 huang 1 assistant 0 professor 0 yh 0 indiana 0 edu 0 lindley 0 hall 0 kun 1 huang 1 adjunct 0 associate 0 professor 0 kun 1 huang 1 osumc 0 edu 0 karen 1 hunsberger 1 payroll 0 assistant 0 sice 0 payroll 0 team 0 hunsberk 0 indiana 0 edu 0 informatics 0 east 0 scott 1 hutcheson 1 project 0 manager 0 cyberinfrastructure 0 for 0 network 0 science 0 center 0 scohutch 0 indiana 0 edu 0 wells 0 library 0 tiana 1 iruoje 1 director 0 of 0 student 0 engagement 0 and 0 success 0 tiwillia 0 indiana 0 edu 0 informatics 0 east 0 eduardo 1 izquierdo 1 assistant 0 professor 0 edizquie 0 indiana 0 edu 0 eigenmann 0 elin 1 jacob 1 emeritus 0 associate 0 professor 0 of 0 library 0 and 0 information 0 science 0 ejacob 0 indiana 0 edu 0 wells 0 library 0 vikram 1 jadhao 1 assistant 0 professor 0 of 0 intelligent 0 systems 0 engineering 0 vjadhao 0 iu 0 edu 0 smith 0 research 0 center 0 eric 1 james 1 systems 0 analyst 0 programmer 0 efjames 0 indiana 0 edu 0 it 0 house 0 mark 1 janis 1 robert 0 lucas 0 chair 0 of 0 law 0 maurer 0 law 0 school 0 mdjanis 0 indiana 0 edu 0 baier 0 hall 0 lei 1 jiang 1 assistant 0 professor 0 of 0 intelligent 0 systems 0 engineering 0 jiang 0 iu 0 edu 0 th 0 st 0 jennifer 1 johnson 1 jennajoh 0 iupui 0 edu 0 steven 1 johnson 1 professor 0 emeritus 0 of 0 computer 0 science 0 sjohnson 0 indiana 0 edu 0 lindley 0 hall 0 christina 1 jones 1 adjunct 0 professor 0 culrich 0 indiana 0 edu 0 tj 1 jones 1 hardware 0 support 0 specialist 0 tj 0 cs 0 indiana 0 edu 0 lindley 0 hall 0 sandra 1 bler 1 adjunct 0 associate 0 professor 0 skuebler 0 indiana 0 edu 0 gopinaath 1 kannabiran 1 visiting 0 lecturer 0 gopikann 0 indiana 0 edu 0 sice 0 undergraduate 0 annex 0 east 0 street 0 apu 1 kapadia 1 associate 0 professor 0 of 0 computer 0 science 0 and 0 informatics 0 kapadia 0 indiana 0 edu 0 lindley 0 hall 0 kelsey 1 karum 1 assistant 0 director 0 of 0 career 0 services 0 karnson 0 indiana 0 edu 0 informatics 0 east 0 kelsey 1 keag 1 director 0 of 0 marketing 0 kkeag 0 indiana 0 edu 0 th 0 street 0 room 0 rachael 1 keith 1 graduate 0 records 0 and 0 admission 0 coordinator 0 computer 0 science 0 soiccsgr 0 indiana 0 edu 0 lindley 0 hall 0 karen 1 kenny 1 administrative 0 assistant 0 kkenny 0 indiana 0 edu 0 informatics 0 east 0 minje 1 kim 1 assistant 0 professor 0 of 0 intelligent 0 systems 0 engineering 0 minje 0 indiana 0 edu 0 smith 0 research 0 center 0 sonny 1 kirkley 1 adjunct 0 assistant 0 professor 0 ekirkley 0 indiana 0 edu 0 informatics 0 west 0 ezra 1 kissel 1 research 0 scientist 0 ezkissel 0 indiana 0 edu 0 michelle 1 knight 1 assistant 0 director 0 of 0 academic 0 operations 0 mglaze 0 indiana 0 edu 0 informatics 0 west 0 serge 1 koudoro 1 software 0 developer 0 skoudoro 0 indiana 0 edu 0 src 0 inna 1 kouper 1 assistant 0 scientist 0 inkouper 0 indiana 0 edu 0 th 0 street 0 chris 1 kowalczyk 1 production 0 specialist 0 videographer 0 ckowalcz 0 indiana 0 edu 0 walnut 0 st 0 elsa 1 kramer 1 efkramer 0 iupui 0 edu 0 susan 1 leach 1 murray 1 sleachmu 0 indiana 0 edu 0 david 1 leake 1 professor 0 of 0 computer 0 science 0 leake 0 cs 0 indiana 0 edu 0 informatics 0 west 0 erika 1 lee 1 lecturer 0 ebigalee 0 indiana 0 edu 0 woodlawn 0 ave 0 room 0 daniel 1 leivant 1 professor 0 of 0 computer 0 science 0 leivant 0 cs 0 indiana 0 edu 0 lindley 0 hall 0 nancy 1 lemons 1 director 0 of 0 undergraduate 0 recruiting 0 and 0 advising 0 nlemons 0 indiana 0 edu 0 informatics 0 east 0 jane 1 lewis 1 director 0 of 0 financial 0 analysis 0 janlewis 0 indiana 0 edu 0 informatics 0 east 0 gregory 1 lewis 1 assistant 0 professor 0 of 0 intelligent 0 systems 0 engineering 0 lewigr 0 iu 0 edu 0 smith 0 research 0 center 0 xiaozhong 1 liu 1 associate 0 professor 0 of 0 information 0 science 0 liu 0 indiana 0 edu 0 wells 0 library 0 leslie 1 liu 1 postdoctoral 0 fellow 0 lsliu 0 indiana 0 edu 0 lantao 1 liu 1 assistant 0 professor 0 of 0 intelligent 0 systems 0 engineering 0 lantao 0 iu 0 edu 0 smith 0 research 0 center 0 joanne 1 luciano 1 visiting 0 associate 0 professor 0 jluciano 0 indiana 0 edu 0 park 0 ave 0 andrew 1 lukefahr 1 assistant 0 professor 0 lukefahr 0 indiana 0 edu 0 lindley 0 hall 0 andrew 1 lumsdaine 1 professor 0 of 0 computer 0 science 0 lums 0 cs 0 indiana 0 edu 0 michael 1 lynch 1 adjunct 0 professor 0 milynch 0 indiana 0 edu 0 melody 1 lynch 1 kimery 1 associate 0 director 0 of 0 undergraduate 0 advising 0 memlynch 0 indiana 0 edu 0 informatics 0 east 0 yu 1 ma 1 director 0 of 0 information 0 technology 0 yuma 0 indiana 0 edu 0 th 0 street 0 paul 1 macklin 1 associate 0 professor 0 macklinp 0 iu 0 edu 0 th 0 street 0 suite 0 room 0 chabane 1 maidi 1 adjunct 0 instructor 0 cmaidi 0 indiana 0 edu 0 cyberinfrastructure 0 building 0 sidd 1 maini 1 user 0 experience 0 engineer 0 smaini 0 indiana 0 edu 0 th 0 street 0 vel 1 malbasa 1 visiting 0 professor 0 vmalbasa 0 indiana 0 edu 0 lindley 0 hall 0 vincent 1 malic 1 adjunct 0 instructor 0 vmalic 0 indiana 0 edu 0 christopher 1 marshall 1 adjunct 0 lecturer 0 cmarshall 0 imcpl 0 lib 0 in 0 us 0 benjamin 1 martin 1 senior 0 research 0 software 0 engineer 0 crest 0 benjmart 0 indiana 0 edu 0 adam 1 martin 1 office 0 assistant 0 cyberinfrastructure 0 for 0 network 0 science 0 center 0 adasmart 0 umail 0 iu 0 edu 0 tami 1 martindale 1 accounting 0 associate 0 tmartind 0 indiana 0 edu 0 informatics 0 east 0 sarah 1 mcafee 1 accounting 0 purchasing 0 assistant 0 mcafeesa 0 indiana 0 edu 0 it 0 house 0 daniel 1 mcdonald 1 adjunct 0 assistant 0 professor 0 dajmcdon 0 indiana 0 edu 0 courtney 1 mcdonald 1 adjunct 0 instructor 0 crgreene 0 indiana 0 edu 0 wells 0 library 0 robert 1 mcdonald 1 visiting 0 research 0 associate 0 rhmcdona 0 indiana 0 edu 0 wells 0 library 0 christian 1 mckay 1 coordinator 0 of 0 maker 0 space 0 mckayc 0 indiana 0 edu 0 michael 1 mcrobbie 1 professor 0 of 0 computer 0 science 0 and 0 informatics 0 mcrobbie 0 indiana 0 edu 0 eden 1 medina 1 associate 0 professor 0 of 0 informatics 0 and 0 computing 0 edenm 0 indiana 0 edu 0 informatics 0 west 0 jane 1 mehrizi 1 associate 0 director 0 of 0 development 0 jmehrizi 0 indiana 0 edu 0 crest 0 walnut 0 street 0 filippo 1 menczer 1 professor 0 of 0 computer 0 science 0 and 0 informatics 0 informatics 0 east 0 suzanne 1 menzel 1 senior 0 lecturer 0 of 0 computer 0 science 0 menzel 0 indiana 0 edu 0 lindley 0 hall 0 elizabeth 1 meyer 1 eahull 0 iupui 0 edu 0 jessica 1 meyer 1 assistant 0 director 0 of 0 administration 0 and 0 finance 0 meyerjes 0 indiana 0 edu 0 informatics 0 east 0 joan 1 middendorf 1 assistant 0 adjunct 0 professor 0 lead 0 instructional 0 consultant 0 center 0 for 0 innovative 0 teaching 0 learning 0 middendo 0 indiana 0 edu 0 lynne 1 mikolon 1 faculty 0 secretary 0 receptionist 0 lmikolon 0 indiana 0 edu 0 lindley 0 hall 0 gary 1 miksik 1 business 0 manager 0 digital 0 science 0 center 0 gmiksik 0 indiana 0 edu 0 sta 1 milojevic 1 associate 0 professor 0 of 0 informatics 0 smilojev 0 indiana 0 edu 0 informatics 0 east 0 catherine 1 minter 1 adjunct 0 assistant 0 professor 0 cjminter 0 indiana 0 edu 0 wells 0 library 0 robert 1 montoya 1 assistant 0 professor 0 of 0 information 0 and 0 library 0 science 0 montoya 0 indiana 0 edu 0 wells 0 library 0 jennifer 1 morgan 1 adjunct 0 associate 0 professor 0 jlbryan 0 indiana 0 edu 0 andrea 1 morrison 1 adjunct 0 professor 0 amorriso 0 indiana 0 edu 0 larry 1 moss 1 adjunct 0 professor 0 lmoss 0 indiana 0 edu 0 shirley 1 mullin 1 kidsink 0 indy 0 net 0 scott 1 murray 1 associate 0 director 0 of 0 it 0 facilities 0 support 0 shmurray 0 indiana 0 edu 0 informatics 0 west 0 steven 1 myers 1 associate 0 professor 0 of 0 computer 0 science 0 and 0 informatics 0 samyers 0 indiana 0 edu 0 lindley 0 hall 0 mark 1 napier 1 cipt 1 deputy 0 director 0 of 0 information 0 technology 0 chief 0 information 0 privacy 0 and 0 security 0 officer 0 mnapier 0 indiana 0 edu 0 wells 0 library 0 sriraam 1 natarajan 1 associate 0 professor 0 natarasr 0 indiana 0 edu 0 informatics 0 east 0 sharlene 1 newman 1 associate 0 professor 0 psychological 0 brain 0 sciences 0 sdnewman 0 indiana 0 edu 0 py 0 ryan 1 newton 1 associate 0 professor 0 of 0 computer 0 science 0 rrnewton 0 indiana 0 edu 0 lindley 0 hall 0 jennifer 1 nicholson 1 faculty 0 secretary 0 jnichol 0 indiana 0 edu 0 informatics 0 west 0 christena 1 nippert 1 eng 1 professor 0 of 0 informatics 0 cnippert 0 indiana 0 edu 0 informatics 0 west 0 thomas 1 nisonger 1 professor 0 emeritus 0 school 0 of 0 library 0 and 0 information 0 science 0 nisonge 0 indiana 0 edu 0 katie 1 novak 1 ils 0 project 0 coordinator 0 and 0 office 0 manager 0 katinova 0 indiana 0 edu 0 wells 0 library 0 christine 1 ogan 1 professor 0 emerita 0 of 0 informatics 0 ogan 0 indiana 0 edu 0 marydee 1 ojala 1 marydee 0 xmission 0 com 0 kelly 1 oliver 1 assistant 0 director 0 of 0 career 0 services 0 olivekel 0 indiana 0 edu 0 informatics 0 east 0 nina 1 onesti 1 senior 0 lecturer 0 nonesti 0 indiana 0 edu 0 soic 0 undergraduate 0 annex 0 east 0 th 0 street 0 william 1 orme 1 orme 0 iupui 0 edu 0 gerardo 1 ortiz 1 adjunct 0 professor 0 ortizg 0 indiana 0 edu 0 swain 0 west 0 george 1 charles 1 osterholt 1 service 0 desk 0 manager 0 gosterho 0 indiana 0 edu 0 informatics 0 west 0 anne 1 todd 1 ottenbreit 1 leftwich 1 adjunct 0 associate 0 professor 0 left 0 indiana 0 edu 0 julie 1 overfield 1 assistant 0 director 0 intelligent 0 systems 0 engineering 0 jushkirk 0 indiana 0 edu 0 th 0 street 0 suite 0 kaitlyn 1 owens 1 associate 0 director 0 of 0 career 0 services 0 kaitlyn 0 indiana 0 edu 0 informatics 0 east 0 kristi 1 palmer 1 klpalmer 0 iupui 0 edu 0 john 1 paolillo 1 associate 0 professor 0 of 0 informatics 0 paolillo 0 indiana 0 edu 0 informatics 0 west 0 taemin 1 kim 1 park 1 adjunct 0 professor 0 park 0 indiana 0 edu 0 wells 0 library 0 joanne 1 passet 1 jpasset 0 iue 0 edu 0 sameer 1 patil 1 assistant 0 professor 0 patil 0 indiana 0 edu 0 informatics 0 west 0 logan 1 paul 1 visiting 0 lecturer 0 lopaul 0 indiana 0 edu 0 informatics 0 west 0 bo 1 peng 1 visiting 0 faculty 0 digital 0 science 0 center 0 franco 1 pestilli 1 adjunct 0 professor 0 for 0 intelligent 0 systems 0 engineering 0 adjunct 0 assistant 0 professor 0 for 0 computer 0 science 0 franpest 0 indiana 0 edu 0 laura 1 pettit 1 director 0 of 0 ise 0 research 0 operations 0 laudiaz 0 indiana 0 edu 0 smith 0 research 0 center 0 jill 1 susan 1 phillips 1 assistant 0 director 0 of 0 contract 0 grant 0 administration 0 jphillip 0 indiana 0 edu 0 informatics 0 east 0 flynn 1 picardal 1 associate 0 professor 0 school 0 of 0 environmental 0 and 0 public 0 affairs 0 picardal 0 indiana 0 edu 0 msbii 0 marlin 1 pierce 1 adjunct 0 instructor 0 marpierc 0 iu 0 edu 0 dan 1 pierz 1 lecturer 0 dpierz 0 indiana 0 edu 0 th 0 street 0 undergrad 0 annex 0 room 0 christi 1 pike 1 associate 0 director 0 of 0 hr 0 and 0 finance 0 cjpike 0 indiana 0 edu 0 informatics 0 east 0 pantea 1 pishgahi 1 assistant 0 director 0 of 0 research 0 collaborations 0 ppishgah 0 indiana 0 edu 0 woodlawn 0 avenue 0 beth 1 plale 1 professor 0 of 0 informatics 0 and 0 computing 0 plale 0 indiana 0 edu 0 informatics 0 east 0 jivitesh 1 poojary 1 software 0 developer 0 cyberinfrastructure 0 for 0 network 0 science 0 center 0 jpoojary 0 umail 0 iu 0 edu 0 charles 1 pope 1 senior 0 lecturer 0 cepope 0 indiana 0 edu 0 lindley 0 hall 0 stephen 1 porges 1 adjunct 0 professor 0 for 0 intelligent 0 systems 0 engineering 0 sporges 0 indiana 0 edu 0 morrison 0 hall 0 franklin 1 prosser 1 professor 0 emeritus 0 of 0 computer 0 science 0 prosser 0 cs 0 indiana 0 edu 0 lindley 0 hall 0 paul 1 purdom 1 professor 0 of 0 computer 0 science 0 pwp 0 cs 0 indiana 0 edu 0 lindley 0 hall 0 feng 1 qian 1 assistant 0 professor 0 of 0 computer 0 science 0 fengqian 0 indiana 0 edu 0 lindley 0 hall 0 judy 1 qiu 1 associate 0 professor 0 of 0 intelligent 0 systems 0 engineering 0 xqiu 0 indiana 0 edu 0 smith 0 research 0 center 0 filippo 1 radicchi 1 associate 0 professor 0 filiradi 0 indiana 0 edu 0 informatics 0 east 0 predrag 1 radivojac 1 professor 0 of 0 computer 0 science 0 and 0 informatics 0 predrag 0 indiana 0 edu 0 lindley 0 hall 0 christopher 1 raphael 1 professor 0 of 0 informatics 0 craphael 0 indiana 0 edu 0 informatics 0 west 0 gregory 1 rawlins 1 associate 0 professor 0 of 0 computer 0 science 0 rawlins 0 indiana 0 edu 0 lindley 0 hall 0 lisel 1 record 1 exhibit 0 manager 0 cyberinfrastructure 0 for 0 network 0 science 0 center 0 recorde 0 indiana 0 edu 0 laura 1 reed 1 administrative 0 secretary 0 lreed 0 indiana 0 edu 0 lindley 0 hall 0 kayce 1 reed 1 buechlein 1 visiting 0 lecturer 0 kanreed 0 indiana 0 edu 0 woodlawn 0 patty 1 reyes 1 cooksey 1 director 0 of 0 graduate 0 administration 0 soiccsiu 0 indiana 0 edu 0 lindley 0 hall 0 dan 1 richert 1 senior 0 lecturer 0 drichert 0 indiana 0 edu 0 th 0 street 0 undergrad 0 annex 0 room 0 allen 1 riddell 1 assistant 0 professor 0 of 0 information 0 science 0 riddella 0 indiana 0 edu 0 wells 0 library 0 alice 1 robbin 1 emeritus 0 associate 0 professor 0 of 0 library 0 and 0 information 0 science 0 arobbin 0 indiana 0 edu 0 wells 0 library 0 michele 1 roberts 1 director 0 of 0 computing 0 outreach 0 education 0 microber 0 iu 0 edu 0 informatics 0 west 0 edward 1 robertson 1 professor 0 emeritus 0 of 0 computer 0 science 0 and 0 informatics 0 edrbtsn 0 indiana 0 edu 0 lindley 0 hall 0 luis 1 rocha 1 professor 0 of 0 informatics 0 rocha 0 indiana 0 edu 0 informatics 0 east 0 kimberly 1 ann 1 rodman 1 project 0 specialist 0 crest 0 karodman 0 indiana 0 edu 0 howard 1 rosenbaum 1 professor 0 of 0 information 0 science 0 hrosenba 0 indiana 0 edu 0 wells 0 library 0 mary 1 beth 1 roska 1 associate 0 director 0 of 0 alumni 0 relations 0 and 0 stewardship 0 mroska 0 indiana 0 edu 0 crest 0 walnut 0 giancarlo 1 ruffo 1 adjunct 0 associate 0 professor 0 ruffo 0 di 0 unito 0 it 0 michael 1 ryoo 1 assistant 0 professor 0 of 0 informatics 0 and 0 computing 0 mryoo 0 indiana 0 edu 0 informatics 0 east 0 selma 1 sabanovic 1 associate 0 professor 0 of 0 informatics 0 selmas 0 indiana 0 edu 0 informatics 0 east 0 amr 1 sabry 1 professor 0 of 0 informatics 0 and 0 computing 0 sabry 0 indiana 0 edu 0 lindley 0 hall 0 jodie 1 sackley 1 associate 0 director 0 for 0 employer 0 relations 0 jocarlbe 0 indiana 0 edu 0 informatics 0 east 0 olgun 1 sad 1 lecturer 0 olsadik 0 indiana 0 edu 0 lindley 0 hall 0 cenk 1 sahinalp 1 professor 0 of 0 computer 0 science 0 cenksahi 0 indiana 0 edu 0 lindley 0 hall 0 lois 1 ann 1 scheidt 1 visiting 0 lecturer 0 lscheidt 0 iu 0 edu 0 informatics 0 west 0 robert 1 schnabel 1 dean 0 emeritus 0 professor 0 emeritus 0 of 0 informatics 0 and 0 computing 0 and 0 professor 0 emeritus 0 of 0 computer 0 science 0 schnabel 0 indiana 0 edu 0 jennifer 1 schopf 1 adjunct 0 associate 0 professor 0 jmschopf 0 indiana 0 edu 0 cib 0 olga 1 scrivner 1 research 0 scientist 0 cyberinfrastructure 0 for 0 network 0 science 0 center 0 obscrivn 0 indiana 0 edu 0 kayla 1 scroggins 1 director 0 of 0 data 0 science 0 graduate 0 student 0 services 0 datasci 0 indiana 0 edu 0 park 0 ave 0 kody 1 sexton 1 associate 0 director 0 of 0 academic 0 and 0 career 0 planning 0 kksexton 0 indiana 0 edu 0 informatics 0 east 0 chung 1 chieh 1 shan 1 assistant 0 professor 0 ccshan 0 indiana 0 edu 0 lindley 0 hall 0 debora 1 shaw 1 professor 0 emerita 0 school 0 of 0 informatics 0 and 0 computing 0 bloomington 0 campus 0 shawd 0 indiana 0 edu 0 sidney 1 shaw 1 associate 0 professor 0 biology 0 sishaw 0 indiana 0 edu 0 my 0 james 1 shea 1 senior 0 director 0 of 0 planning 0 and 0 communications 0 jpshea 0 indiana 0 edu 0 informatics 0 east 0 shing 1 shong 1 shei 1 senior 0 large 0 systems 0 specialist 0 shei 0 indiana 0 edu 0 lindley 0 hall 0 christina 1 sheley 1 adjunct 0 instructor 0 cmwilkin 0 indiana 0 edu 0 spea 0 kelsey 1 shephard 1 associate 0 director 0 of 0 research 0 collaborations 0 allekels 0 indiana 0 edu 0 patrick 1 shih 1 assistant 0 professor 0 of 0 informatics 0 patshih 0 indiana 0 edu 0 informatics 0 east 0 alex 1 shroyer 1 electronics 0 engineer 0 ashroyer 0 indiana 0 edu 0 crest 0 martin 1 siegel 1 professor 0 of 0 informatics 0 msiegel 0 indiana 0 edu 0 informatics 0 west 0 jeremy 1 siek 1 associate 0 professor 0 jsiek 0 indiana 0 edu 0 lindley 0 hall 0 katie 1 siek 1 associate 0 professor 0 ksiek 0 indiana 0 edu 0 informatics 0 east 0 joel 1 silver 1 adjunct 0 professor 0 silverj 0 indiana 0 edu 0 grant 1 simpson 1 adjunct 0 instructor 0 glsimpso 0 iu 0 edu 0 craig 1 simpson 1 adjunct 0 instructor 0 crasimps 0 indiana 0 edu 0 gagandeep 1 singh 1 software 0 developer 0 cyberinfrastructure 0 for 0 network 0 science 0 center 0 singhgag 0 indiana 0 edu 0 sara 1 skrabalak 1 james 0 rudy 0 associate 0 professor 0 chemistry 0 sskrabal 0 indiana 0 edu 0 chem 0 kathryn 1 slott 1 kathryn 1 slott 1 gmail 0 com 0 stephanie 1 smith 1 ils 0 admissions 0 coordinator 0 and 0 recorder 0 stbsmith 0 indiana 0 edu 0 wells 0 library 0 younei 1 soe 1 adjunct 0 lecturer 0 ysoe 0 umail 0 iu 0 edu 0 wells 0 library 0 endre 1 somogyi 1 lecturer 0 somogyie 0 indiana 0 edu 0 simon 0 hall 0 christin 1 sparks 1 associate 0 director 0 of 0 undergraduate 0 advising 0 chcorrel 0 indiana 0 edu 0 informatics 0 east 0 olaf 1 sporns 1 adjunct 0 professor 0 osporns 0 indiana 0 edu 0 george 1 springer 1 professor 0 emeritus 0 of 0 computer 0 science 0 springer 0 cs 0 indiana 0 edu 0 prateek 1 srivastava 1 research 0 assistant 0 pratsriv 0 iu 0 edu 0 crest 0 sid 1 stamm 1 adjunct 0 assistant 0 professor 0 stammsl 0 rose 0 hulman 0 edu 0 roderick 1 stark 1 visiting 0 lecturer 0 in 0 informatics 0 rstark 0 indiana 0 edu 0 undergrad 0 annex 0 michael 1 steffens 1 micsteff 0 imail 0 iu 0 edu 0 carrie 1 stemen 1 graduate 0 admissions 0 and 0 records 0 assistant 0 informatics 0 cstemen 0 indiana 0 edu 0 informatics 0 west 0 thomas 1 sterling 1 professor 0 of 0 electrical 0 engineering 0 tron 0 indiana 0 edu 0 jodi 1 stern 1 administrative 0 secretary 0 center 0 sternjo 0 indiana 0 edu 0 data 0 to 0 insight 0 center 0 th 0 street 0 kyle 1 stirling 1 associate 0 director 0 for 0 industry 0 and 0 strategic 0 initiatives 0 kylestir 0 indiana 0 edu 0 park 0 ave 0 erik 1 stolterman 1 senior 0 executive 0 associate 0 dean 0 estolter 0 indiana 0 edu 0 informatics 0 east 0 allan 1 streib 1 digital 0 science 0 center 0 astreib 0 indiana 0 edu 0 joshua 1 streiff 1 csi 0 iot 0 project 0 manager 0 jostre 0 iu 0 edu 0 park 0 ave 0 norman 1 makoto 1 su 1 assistant 0 professor 0 of 0 informatics 0 normsu 0 indiana 0 edu 0 informatics 0 west 0 cassidy 1 sugimoto 1 associate 0 professor 0 of 0 informatics 0 sugimoto 0 indiana 0 edu 0 informatics 0 east 0 martin 1 swany 1 associate 0 chair 0 of 0 intelligent 0 systems 0 engineering 0 swany 0 indiana 0 edu 0 crest 0 haixu 1 tang 1 professor 0 of 0 informatics 0 and 0 computing 0 hatang 0 indiana 0 edu 0 lindley 0 hall 0 corey 1 tarbell 1 ils 0 director 0 of 0 graduate 0 student 0 services 0 ctarbell 0 indiana 0 edu 0 wells 0 library 0 jill 1 taylor 1 cns 0 center 0 assistant 0 taylorjl 0 indiana 0 edu 0 wells 0 library 0 terry 1 taylor 1 norbu 1 director 0 of 0 the 0 dean 0 external 0 affairs 0 ttaylorn 0 indiana 0 edu 0 informatics 0 east 0 jennifer 1 terrell 1 lecturer 0 jennterr 0 indiana 0 edu 0 woodlawn 0 room 0 una 1 thacker 1 assistant 0 director 0 serve 0 it 0 nonprofit 0 clinic 0 unwinter 0 indiana 0 edu 0 informatics 0 west 0 tracey 1 theriault 1 visual 0 communications 0 and 0 social 0 media 0 manager 0 tratheri 0 indiana 0 edu 0 th 0 street 0 room 0 todd 1 theriault 1 technical 0 writer 0 cyberinfrastructure 0 for 0 network 0 science 0 center 0 ttheriau 0 indiana 0 edu 0 amie 1 thomas 1 ammthoma 0 iupui 0 edu 0 sam 1 tobin 1 hochstadt 1 assistant 0 professor 0 samth 0 cs 0 indiana 0 edu 0 lindley 0 hall 0 peter 1 todd 1 professor 0 of 0 cognitive 0 science 0 psychology 0 and 0 informatics 0 pmtodd 0 indiana 0 edu 0 psychology 0 room 0 paul 1 toddy 1 director 0 of 0 facilities 0 ptoddy 0 indiana 0 edu 0 informatics 0 east 0 michael 1 trossett 1 adjunct 0 professor 0 mtrosset 0 indiana 0 edu 0 andrew 1 tsou 1 adjunct 0 instructor 0 atsou 0 indiana 0 edu 0 john 1 tweedie 1 senior 0 director 0 of 0 administration 0 finance 0 jtweedie 0 indiana 0 edu 0 informatics 0 east 0 andy 1 uhrich 1 adjunct 0 instructor 0 jauhrich 0 indiana 0 edu 0 wells 0 library 0 jan 1 van 1 den 1 bussche 1 adjunct 0 professor 0 jan 0 vandenbussche 0 uhasselt 0 be 0 dirk 1 van 1 gucht 1 professor 0 of 0 computer 0 science 0 vgucht 0 cs 0 indiana 0 edu 0 lindley 0 hall 0 bonnie 1 vandeventer 1 assistant 0 director 0 of 0 advising 0 bjmacphe 0 indiana 0 edu 0 lindley 0 hall 0 alex 1 vespignani 1 adjunct 0 professor 0 gregor 1 von 1 laszewski 1 assistant 0 director 0 digital 0 science 0 center 0 gvonlasz 0 indiana 0 edu 0 smith 0 research 0 center 0 th 0 st 0 steven 1 wallace 1 adjunct 0 lecturer 0 john 1 walsh 1 associate 0 professor 0 of 0 information 0 and 0 library 0 science 0 jawalsh 0 indiana 0 edu 0 wells 0 library 0 xiaofeng 1 wang 1 professor 0 of 0 informatics 0 and 0 computer 0 science 0 xw 0 indiana 0 edu 0 lindley 0 hall 0 fugang 1 wang 1 digital 0 science 0 center 0 fuwang 0 indiana 0 edu 0 adam 1 ward 1 adjunct 0 professor 0 for 0 intelligent 0 systems 0 engineering 0 adamward 0 indiana 0 edu 0 msb 0 ii 0 lamara 1 warren 1 assistant 0 dean 0 for 0 multicultural 0 affairs 0 and 0 diversity 0 ldwarren 0 indiana 0 edu 0 informatics 0 east 0 debbie 1 weaver 1 technical 0 support 0 coordinator 0 weaverdl 0 indiana 0 edu 0 informatics 0 west 0 kate 1 messing 1 wehner 1 adjunct 0 instructor 0 kmessing 0 iu 0 edu 0 von 0 lee 0 building 0 erik 1 wennstrom 1 lecturer 0 ewennstr 0 indiana 0 edu 0 lindley 0 hall 0 clint 1 whaley 1 associate 0 professor 0 intelligent 0 systems 0 engineering 0 rcwhaley 0 iu 0 edu 0 th 0 st 0 suite 0 herbert 1 white 1 distinguished 0 professor 0 emeritus 0 school 0 of 0 library 0 and 0 information 0 science 0 martha 1 white 1 assistant 0 professor 0 martha 0 indiana 0 edu 0 lindley 0 hall 0 jeffrey 1 whitmer 1 senior 0 lecturer 0 of 0 computer 0 science 0 and 0 informatics 0 jwhitmer 0 cs 0 indiana 0 edu 0 lindley 0 hall 0 gary 1 wiggins 1 librarian 0 emeritus 0 wiggins 0 indiana 0 edu 0 david 1 wild 1 director 0 data 0 science 0 academic 0 programs 0 djwild 0 indiana 0 edu 0 informatics 0 west 0 donald 1 williamson 1 assistant 0 professor 0 williads 0 indiana 0 edu 0 lindley 0 hall 0 rebecca 1 conway 1 winkle 1 graduate 0 manager 0 intelligent 0 systems 0 engineering 0 rgconway 0 iu 0 edu 0 smith 0 research 0 center 0 david 1 wise 1 professor 0 emeritus 0 of 0 computer 0 science 0 dswise 0 cs 0 indiana 0 edu 0 sachith 1 withana 1 visiting 0 scholar 0 swithana 0 iu 0 edu 0 data 0 to 0 insight 0 center 0 karen 1 wright 1 career 0 services 0 specialist 0 kswright 0 indiana 0 edu 0 informatics 0 east 0 alex 1 wukmer 1 facilities 0 technician 0 mwukmer 0 iu 0 edu 0 th 0 street 0 heather 1 yarnall 1 kates 1 administrative 0 assistant 0 hkates 0 indiana 0 edu 0 th 0 street 0 suite 0 grigory 1 yaroslavtsev 1 assistant 0 professor 0 gyarosla 0 iu 0 edu 0 lindley 0 hall 0 yuzhen 1 ye 1 associate 0 professor 0 of 0 informatics 0 and 0 computing 0 yye 0 indiana 0 edu 0 lindley 0 hall 0 chen 1 yu 1 adjunct 0 professor 0 chenyu 0 indiana 0 edu 0 qin 1 zhang 1 assistant 0 professor 0 qzhangcs 0 indiana 0 edu 0 lindley 0 hall 0 bo 1 zhang 1 research 0 associate 0 crest 0 zhang 0 indiana 0 edu 0 crest 0 yuan 1 zhou 1 assistant 0 professor 0 yzhoucs 0 indiana 0 edu 0 lindley 0 hall 0 fulfilling 0 the 0 promise 0 privacy 0 notice 0 accessibility 0 help 0 internal 0 resources 0 enter 0 service 0 request 0 copyright 0 the 0 trustees 0 of 0 indiana 0 university 0
