business 0 computer 0 science 0 faculty 0 staff 0 menu 0 skip 0 to 0 main 0 content 0 calendar 0 people 0 search 0 search 0 site 0 future 0 students 0 current 0 students 0 visitors 0 faculty 0 staff 0 academics 0 athletics 0 directory 0 information 0 select 0 page 0 degree 0 information 0 back 0 degree 0 information 0 accounting 0 entrepreneurship 0 finance 0 management 0 marketing 0 computer 0 science 0 in 0 management 0 minors 0 prospective 0 students 0 back 0 prospective 0 students 0 admissions 0 recruitment 0 request 0 information 0 take 0 tour 0 apply 0 now 0 faculty 0 staff 0 student 0 organizations 0 textbook 0 information 0 back 0 textbook 0 information 0 spring 0 administrative 0 issues 0 journal 0 nasa 0 space 0 grant 0 program 0 swosu 0 faculty 0 staff 0 business 0 computer 0 science 0 faculty 0 staff 0 ashenfelter 1 melody 1 professor 0 stf 0 melody 0 ashenfelter 0 swosu 0 edu 0 http 0 faculty 0 swosu 0 edu 0 melody 0 ashenfelter 0 baugher 1 madeline 1 computer 0 science 0 program 0 director 0 stf 0 madeline 0 baugher 0 swosu 0 edu 0 http 0 faculty 0 swosu 0 edu 0 madeline 0 baugher 0 chain 1 raygan 1 assistant 0 professor 0 stf 0 raygan 0 chain 0 swosu 0 edu 0 http 0 faculty 0 swosu 0 edu 0 raygan 0 chain 0 evert 1 amanda 1 assistant 0 professor 0 stf 0 amanda 0 evert 0 swosu 0 edu 0 http 0 faculty 0 swosu 0 edu 0 amanda 0 evert 0 evert 1 jeremy 1 assistant 0 professor 0 stf 0 jeremy 0 evert 0 swosu 0 edu 0 http 0 faculty 0 swosu 0 edu 0 jeremy 0 evert 0 friesen 1 lisa 1 instructor 0 stf 0 lisa 0 friesen 0 swosu 0 edu 0 http 0 faculty 0 swosu 0 edu 0 lisa 0 friesen 0 harrington 1 hayden 1 instructor 0 stf 0 hayden 0 harrington 0 swosu 0 edu 0 hays 1 rita 1 instructor 0 stf 0 rita 0 hays 0 swosu 0 edu 0 http 0 faculty 0 swosu 0 edu 0 rita 0 hays 0 hicks 1 nate 1 instructor 0 nate 0 hicks 0 swosu 0 edu 0 humphrey 1 phillip 1 assistant 0 professor 0 stf 0 phillip 0 humphrey 0 swosu 0 edu 0 http 0 faculty 0 swosu 0 edu 0 phillip 0 humphrey 0 king 1 sarah 1 instructor 0 stf 0 sarah 0 king 0 swosu 0 edu 0 http 0 faculty 0 swosu 0 edu 0 sarah 0 king 0 leonard 1 marc 1 instructor 0 stf 0 marc 0 leonard 0 swosu 0 edu 0 http 0 faculty 0 swosu 0 edu 0 marc 0 leonard 0 mckee 1 holly 1 assistant 0 professor 0 stf 0 holly 0 mckee 0 swosu 0 edu 0 http 0 faculty 0 swosu 0 edu 0 holly 0 mckee 0 myers 1 jonna 1 instructor 0 stf 0 jonna 0 myers 0 swosu 0 edu 0 http 0 faculty 0 swosu 0 edu 0 jonna 0 myers 0 ramsey 1 hank 1 associate 0 professor 0 stf 0 hank 0 ramsey 0 swosu 0 edu 0 http 0 faculty 0 swosu 0 edu 0 hank 0 ramsey 0 rickel 1 brian 1 assistant 0 professor 0 stf 0 brian 0 rickel 0 swosu 0 edu 0 http 0 faculty 0 swosu 0 edu 0 brian 0 rickel 0 sanders 1 christi 1 adjunct 0 christi 0 sanders 0 swosu 0 edu 0 sweeney 1 karen 1 assistant 0 professor 0 stf 0 karen 0 sweeney 0 swosu 0 edu 0 http 0 faculty 0 swosu 0 edu 0 karen 0 sweeney 0 wald 1 trisha 1 chair 0 associate 0 professor 0 stf 0 trisha 0 wald 0 swosu 0 edu 0 http 0 faculty 0 swosu 0 edu 0 trisha 0 wald 0 wiggen 1 todd 1 assistant 0 professor 0 stf 0 todd 0 wiggen 0 swosu 0 edu 0 http 0 faculty 0 swosu 0 edu 0 todd 0 wiggen 0 wilcox 1 gail 1 adjunct 0 gail 0 wilcox 0 swosu 0 edu 0 young 1 kelley 1 adjunct 0 kelley 0 young 0 swosu 0 edu 0 facebook 0 twitter 0 youtube 0 instagram 0 title 0 ix 0 accessibility 0 terms 0 of 0 use 0 privacy 0 policy 0 campus 0 map 0 copyright 0 swosu 0 all 0 rights 0 reserved 0
